id,yearExact,year,keywords2,keywords_eng,keywords,Stichwörter,Column,Column2,Column3,Column4,Column5,Column6,Column7,Column8,Column9,_Inventarnummer,_Datei,_Colors Hex Color 1,_Colors Color Name 1,_Colors Percentage 1,_Colors Color Family 1,_Colors Hex Color 2,_Colors Color Name 2,_Colors Percentage 2,_Colors Color Family 2,_Colors Hex Color 3,_Colors Color Name 3,_Colors Percentage 3,_Colors Color Family 3,_Colors Hex Color 4,_Colors Color Name 4,_Colors Percentage 4,_Colors Color Family 4,_Colors Hex Color 5,_Colors Color Name 5,_Colors Percentage 5,_Colors Color Family 5,_Colors Hex Color 6,_Colors Color Name 6,_Colors Percentage 6,_Colors Color Family 6,_Colors Hex Color 7,_Colors Color Name 7,_Colors Percentage 7,_Colors Color Family 7,_Colors Hex Color 8,_Colors Color Name 8,_Colors Percentage 8,_Colors Color Family 8,_KI Emotion,_KI Emotion Cluster,_KITagskeyword_1,_KI Tags keyword_2,_KI Tags keyword_3,_KI Tags keyword_4,_KI Tags keyword_5,_KI Tags keyword_6,_KI Tags keyword_7,_KI Tags keyword_8,_KI Tags keyword_9,_KI Tags keyword_10,_KI Style Tag 1,_KI Style Tag 2,_Techniken,_Titel,_Künstler:in,_Datierung Von,_Datierung Bis,_Schlagworte von Museumsmitarbeiter:innen,_Colors Hex Color 9,_Colors Color Name 9,_Colors Percentage 9,_Colors Color Family 9,_Datierung (konkret),_KI Style Tag 3,_Colors Hex Color 10,_Colors Color Name 10,_Colors Percentage 10,_Colors Color Family 10
GEM_65_3,1823,1820,,"Architecture,Square,Obelisk,Palace,Pedestrians,Carriage,Statues,Cobblestone,Fountain,Spire","Architektur,Platz,Obelisk,Palast,Fußgänger,Kutsche,Statuen,Kopfsteinpflaster,Springbrunnen,Turmspitze",Architektur,Platz,Obelisk,Palast,Fußgänger,Kutsche,Statue,Pflasterstein,Springbrunnen,Kirchturm,GEM 65/3,GEM_65_3.jpg,#ceccb5,Silber,31. Dez,Grays,#9d794b,sienna,22.54,Browns,#4b3621,darkolivegreen,15. Mrz,Greens,#9a97ad,darkgray,Okt 67,Grays,#c1b8a0,tan,Okt 18,Browns,#302316,black,Mai 18,Blacks,#b99761,darkkhaki,05. Feb,Yellows,,,,,Ruhig,Calm/Peaceful,Architecture,Square,Obelisk,Palace,Pedestrians,Carriage,Statues,Cobblestone,Fountain,Spire,Realism,Neoclassicism,Öl auf Leinwand,Blick auf das Potsdamer Stadtschloß und den Alten Markt,"Barth, Wilhelm",,,,,,,,1823,,,,,
GEM_68_53,1930,1930,,"Sailboats,Water,Pier,Sailor,Mast,Lake,Boathouse,Horizon,Reflection,Sky","Segelboote,Wasser,Pier,Segler,Mast,See,Bootshaus,Horizont,Spiegelung,Himmel",Segelboot,Wasser,Pier,Segelsportler,Mast,See,Bootshaus,Horizont,Spiegelung,Himmel,GEM 68/53,GEM_68_53.jpg,#7b838f,Hellgrau,15.74,Grays,#efdfbf,wheat,15.17,Browns,#c4b4ad,silver,14.45,Grays,#9f9b9f,darkgray,13. Mrz,Grays,#5c6571,dimgray,Okt 72,Grays,#171919,black,Jul 83,Blacks,#2f3f55,darkslategray,Jul 44,Grays,#a8653c,sienna,05. Aug,Browns,Ruhig,Calm/Peaceful,Sailboats,Water,Pier,Sailor,Mast,Lake,Boathouse,Horizon,Reflection,Sky,Precisionism,Post-Impressionism,Öl auf Leinwand,Segelboote am Wannsee,"Wunderwald, Gustav",1920,1940,,#6a3e28,saddlebrown,Mai 47,Browns,,,#c49a71,darkkhaki,04. Aug,Yellows
GEM_71_1,1880,1880,"Bäume,Fluss,Havel,Landschaft,Promenade,Ufer","Park,Trees,Ladies,Pathway,River,Dresses,Leisure,Children,Strolling,Benches","Park,Bäume,Damen,Weg,Fluss,Kleider,Freizeit,Kinder,Flanieren,Bänke",Park,Baum,Dame,Weg,Fluss,Kleid,Freizeit,Kind,Flaneur,Bank <Möbel>,GEM 71/1,GEM_71_1.jpg,#2e2b1e,Schiefergrau,42.46,Grays,#524c36,darkolivegreen,22.86,Greens,#1d1a12,black,15.33,Blacks,#84715b,dimgray,Jul 96,Grays,#a08773,gray,Apr 36,Grays,#d3c6e7,thistle,Mrz 18,Purples,#bea49b,rosybrown,Feb 53,Browns,#eecebc,wheat,Jan 32,Browns,Ruhig,Calm/Peaceful,Park,Trees,Ladies,Pathway,River,Dresses,Leisure,Children,Strolling,Benches,Realism,Impressionism,Öl auf Leinwand,Am Havelufer,"Flickel, Paul",1875,1885,Bäume,,,,,,,,,,
GEM_72_10,1911,1910,"Berlin,Impressionismus,Parkbank,Spaziergänger,Stadtbild","Trees,Avenue,People,Carriage,Reading,Pathway,Buildings,Bench,Leisure,Shade","Bäume,Allee,Menschen,Kutsche,Lesen,Weg,Gebäude,Bank,Freizeit,Schatten",Baum,Allee,Mensch,Kutsche,Lesen,Weg,Gebäude,Bank,Freizeit,Schatten,GEM 72/10,GEM_72_10.jpg,#27312e,Schiefergrau,27.63,Grays,#537f61,dimgray,24.29,Grays,#aea091,rosybrown,13.33,Browns,#868f72,gray,Nov 32,Grays,#cfbdb0,silver,10. Mrz,Grays,#0d1112,black,Aug 66,Blacks,#bfa366,darkkhaki,Apr 75,Yellows,,,,,Ruhig,Calm/Peaceful,Trees,Avenue,People,Carriage,Reading,Pathway,Buildings,Bench,Leisure,Shade,Impressionism,,Öl auf Leinwand,Königin-Augusta-Straße am Calandrelli-Platz in Berlin,"Kardorff, Konrad von",,,Berlin,,,,,,,,,,
GEM_75_5,1840,1840,"Architektur,Berliner,Biedermeier,Genre,Markt,Rathaus,Stadtbild,Straßenszene","Market,Buildings,Street,People,Carriage,Cobblestone,Church,Stalls,Dresses,Shops","Markt,Gebäude,Straße,Menschen,Kutsche,Kopfsteinpflaster,Kirche,Stände,Kleider,Geschäfte",Markt,Gebäude,Straße,Mensch,Kutsche,Pflasterstein,Kirche,Stände,Kleid,Handel,GEM 75/5,GEM_75_5.jpg,#594133,Olivgrün,26.83,Greens,#483329,darkslategray,19.81,Grays,#98959c,darkgray,18.71,Grays,#878896,lightslategray,Nov 16,Grays,#936e3b,sienna,07. Mai,Browns,#7c6855,dimgray,Jul 23,Grays,#775530,saddlebrown,05. Mrz,Browns,#927c66,gray,Mrz 73,Grays,Ruhig,Calm/Peaceful,Market,Buildings,Street,People,Carriage,Cobblestone,Church,Stalls,Dresses,Shops,Romanticism,Realism,Öl auf Leinwand,Aussicht auf den ehemaligen berlinischen Rathausthurm,,,,,,,,,,,,,,
GEM_86_14,1879,1880,"Bahnhof,Verkehr","River,Skyline,Trees,Clouds,Water,Boat,Buildings,Reflection,Landscape,Dock","Fluss,Skyline,Bäume,Wolken,Wasser,Boot,Gebäude,Spiegelung,Landschaft,Dock",Fluss,Skyline,Baum,Wolke,Wasser,Boot,Gebäude,Spiegelung,Landschaft,Dock,GEM 86/14,GEM_86_14.jpg,#9ea9a8,Dunkelgrau,31.21,Grays,#cabb9d,tan,26.98,Browns,#191415,black,19. Feb,Blacks,#2f271f,darkslategray,Aug 22,Grays,#504031,darkolivegreen,05. Feb,Greens,#a28f7d,rosybrown,Mrz 83,Browns,#776251,dimgray,Feb 89,Grays,#eedeac,wheat,Feb 83,Browns,Ruhig,Calm/Peaceful,River,Skyline,Trees,Clouds,Water,Boat,Buildings,Reflection,Landscape,Dock,Impressionism,Realism,Öl auf Leinwand,Blick über die Spree zum Lehrter Bahnhof,"Krause, Franz",,,Bahnhof,,,,,,,,,,
GEM_89_10,1690,1690,"Berlin,Berliner Schloss,Cölln","Architecture,Canal,Bridge,Figures,Carriage,Horse,Dog,Pavement,Balcony,Buildings","Architektur,Kanal,Brücke,Figuren,Kutsche,Pferd,Hund,Gehweg,Balkon,Gebäude",Architektur,Kanal,Brücke,Chladni-Figuren,Kutsche,Pferd,Hund,Gehweg,Balkon,Gebäude,GEM 89/10,GEM_89_10.jpg,#bfb8ac,Silber,17.46,Grays,#d3cdc2,lightgray,Dez 69,Grays,#ab9f8f,rosybrown,Nov 26,Browns,#ebe6de,antiquewhite,Okt 76,Whites,#5c4531,darkolivegreen,Okt 27,Greens,#3e2b1b,darkslategray,Sep 23,Grays,#706357,dimgray,Aug 81,Grays,#21140a,black,Aug 16,Blacks,Ruhig,Calm/Peaceful,Architecture,Canal,Bridge,Figures,Carriage,Horse,Dog,Pavement,Balcony,Buildings,Baroque,Realism,Öl auf Leinwand,Ansicht des kurfürstlichen Schlosses,,,,,,,,,,,,,,
GEM_93_6,1787,1790,Markt,"Marketplace,Buildings,Church,Stalls,Cobblestone,People,Carriage,Skyline,Windows,Urban","Marktplatz,Gebäude,Kirche,Stände,Kopfsteinpflaster,Menschen,Kutsche,Skyline,Fenster,Stadt",Marktplatz,Gebäude,Kirche,Stände,Pflaster,Mensch,Kutsche,Skyline,Fenster,Stadt,GEM 93/6,GEM_93_6.jpg,#9a998f,Dunkelgrau,47.36,Grays,#2e241b,black,20.19,Blacks,#423628,darkslategray,Okt 73,Grays,#574736,darkolivegreen,08. Jun,Greens,#cec1ab,silver,Mai 33,Grays,#6f5c48,dimgray,Mai 14,Grays,#8e7b62,gray,Feb 65,Grays,,,,,Ruhig,Calm/Peaceful,Marketplace,Buildings,Church,Stalls,Cobblestone,People,Carriage,Skyline,Windows,Urban,Realism,Romanticism,Öl auf Leinwand,Ansicht des Neuen Marktes,"Rosenberg, Johann Georg",,,Markt,,,,,1787,,,,,
GS_98_2_GM,1781,1780,Stadtansicht,"Landscape,People,Carriage,Skyline,Trees,Pathway,Horizon,Architecture,River,Rural","Landschaft,Menschen,Kutsche,Skyline,Bäume,Weg,Horizont,Architektur,Fluss,Ländlich",Landschaft,Mensch,Kutsche,Skyline,Baum,Weg,Horizont,Architektur,Fluss,Land,GS 98/2 GM,GS_98_2_GM.jpg,#a4a59a,Dunkelgrau,52.32,Grays,#504f2f,darkolivegreen,Dez 22,Greens,#b69461,darkkhaki,Aug 51,Yellows,#a8a08c,rosybrown,Aug 49,Browns,#968057,gray,05. Dez,Grays,#716c48,dimgray,Apr 88,Grays,#85603c,sienna,Apr 71,Browns,#3b321b,darkslategray,Mrz 75,Grays,Ruhig,Calm/Peaceful,Landscape,People,Carriage,Skyline,Trees,Pathway,Horizon,Architecture,River,Rural,Baroque,Dutch Golden Age Painting,Öl auf Leinwand,"Berlin, vom Tempelhofer Berg aus gesehen","Fechhelm, Johann Friedrich",,,Stadtansicht,,,,,1781,,,,,
VII_59_512_x,1788,1790,"Königstraße,Rokoko,Schloßplatz,Stadtansicht","Palace,Parade,Soldiers,Carriage,Pedestrians,Cobblestone,Architecture,Urban,Facade,Clouds","Palast,Parade,Soldaten,Kutsche,Fußgänger,Kopfsteinpflaster,Architektur,Stadt,Fassade,Wolken",Palast,Parade,Soldat,Kutsche,Fußgänger,Pflasterstein,Architektur,Stadt,Fassade,Wolke,VII 59/512 x,VII_59_512_x.jpg,#58452d,Olivgrün,24.55,Greens,#7d6749,dimgray,19. Jun,Grays,#b3a281,rosybrown,19. Feb,Browns,#453624,darkslategray,Okt 77,Grays,#c0b08f,tan,Sep 71,Browns,#9d8769,gray,Aug 98,Grays,#2c2218,black,Jul 19,Blacks,,,,,Ruhig,Calm/Peaceful,Palace,Parade,Soldiers,Carriage,Pedestrians,Cobblestone,Architecture,Urban,Facade,Clouds,Realism,Classicism,Öl auf Leinwand,Blick vom Schloßplatz in die Königstraße,"Fechhelm, Carl Traugott",,,Königstraße,,,,,,,,,,
VII_59_514_x,1786,1790,"Architektur,Stadtbild,Unter den Linden,Zeughaus","Palace,Architecture,Figures,Pedestrians,Sculptures,Clouds,Courtyard,Columns,Railings,Fences","Palast,Architektur,Figuren,Fußgänger,Skulpturen,Wolken,Innenhof,Säulen,Geländer,Zäune",Palast,Architektur,Chladni-Figuren,Fußgänger,Plastik,Wolke,Innenhof,Säule,Geländer,Zaun,VII 59/514 x,VII_59_514_x.jpg,#c9c8ca,Silber,26.61,Grays,#d9d7d3,lightgray,19.26,Grays,#5e4329,darkolivegreen,18.41,Greens,#a58e6e,rosybrown,15. Mrz,Browns,#8f7655,dimgray,Aug 38,Grays,#3d2e1b,darkslategray,Jun 45,Grays,#d2c3a4,tan,Mai 85,Browns,,,,,Ruhig,Calm/Peaceful,Palace,Architecture,Figures,Pedestrians,Sculptures,Clouds,Courtyard,Columns,Railings,Fences,Baroque,Rococo,Öl auf Leinwand,Platz am Zeughaus mit Blick in die Straße Unter den Linden,"Fechhelm, Carl Traugott",,,Architektur,,,,,,,,,,
VII_59_515_x,1788,1790,"Französischer Dom,Gendarmenmarkt,Komödienhaus,Markt,Stadtbild","Cathedral,Square,Pedestrians,Columns,Statues,Dome,Facade,Clouds,Arches,Plaza","Kathedrale,Platz,Fußgänger,Säulen,Statuen,Kuppel,Fassade,Wolken,Bögen,Plaza",Dom,Platz,Fußgänger,Säule,Statue,Kuppel,Fassade,Wolke,Bogen <Architektur>,Platz,VII 59/515 x,VII_59_515_x.jpg,#998f6e,Grau,34.43,Grays,#9e7a43,sienna,19.15,Browns,#a5a17f,rosybrown,15.34,Browns,#68522e,darkolivegreen,13. Dez,Greens,#c2a97d,darkkhaki,Sep 18,Yellows,#322414,black,Apr 82,Blacks,#b38e54,peru,Mrz 97,Browns,,,,,Ruhig,Calm/Peaceful,Cathedral,Square,Pedestrians,Columns,Statues,Dome,Facade,Clouds,Arches,Plaza,Neoclassicism,Realism,Öl auf Leinwand,Gendarmenmarkt mit dem Französischen Komödienhaus und dem Französischen Dom,"Fechhelm, Carl Traugott",,,Französischer Dom,,,,,,,,,,
VII_59_742_x,1840,1840,Bilderuhr,"Church,Tower,Sculpture,Trees,Street,Clouds,Pedestrians,Dog,Statues,Architecture","Kirche,Turm,Skulptur,Bäume,Straße,Wolken,Fußgänger,Hund,Statuen,Architektur",Kirche,Turm,Plastik,Baum,Straße,Wolke,Fußgänger,Hund,Statue,Architektur,VII 59/742 x,VII_59_742_x.jpg,#48361c,Olivgrün,32.43,Greens,#b0aba5,darkgray,Dez 16,Grays,#7a685b,dimgray,Nov 86,Grays,#cdccc0,silver,11. Mrz,Grays,#948a84,gray,Jul 72,Grays,#1f1609,black,Jul 53,Blacks,#bda365,darkkhaki,Jun 45,Yellows,#9c7c3f,sienna,Jun 45,Browns,Ruhig,Calm/Peaceful,Church,Tower,Sculpture,Trees,Street,Clouds,Pedestrians,Dog,Statues,Architecture,Romanticism,Realism,Öl auf Leinwand,,,,,,,,,,,,,,,
VII_59_744_x,1835,1840,,"Factory,Chimney,Smoke,Landscape,Trees,Field,House,Sky,Clouds,Agriculture","Fabrik,Schornstein,Rauch,Landschaft,Bäume,Feld,Haus,Himmel,Wolken,Landwirtschaft",Fabrik,Schornstein,Rauch,Landschaft,Baum,Feld,Haus,Himmel,Wolke,Landwirtschaft,VII 59/744 x,VII_59_744_x.jpg,#cfaa82,Hellbraun,19.31,Browns,#dabc93,burlywood,Nov 33,Browns,#a17e64,gray,Okt 85,Grays,#56411e,darkolivegreen,Okt 79,Greens,#3a2c10,darkslategray,Sep 93,Grays,#775430,saddlebrown,Sep 84,Browns,#ba9778,rosybrown,Sep 73,Browns,#8c694e,dimgray,Aug 94,Grays,Ruhig,Calm/Peaceful,Factory,Chimney,Smoke,Landscape,Trees,Field,House,Sky,Clouds,Agriculture,Realism,Naturalism,Öl auf Holz,Die Tonwarenfabrik von Ernst March in Charlottenburg,"Gärtner, Eduard",,,,#ac5d34,sienna,Mai 21,Browns,1835,,#ca925d,peru,04. Jul,Browns
VII_59_950_x,1860,1860,,"Cathedral,Canal,Boats,Building,Water,Clouds,Trees,Flag,Dock,Sky","Kathedrale,Kanal,Boote,Gebäude,Wasser,Wolken,Bäume,Flagge,Dock,Himmel",Dom,Kanal,Boot,Gebäude,Wasser,Wolke,Baum,Flagge,Dock,Himmel,VII 59/950 x,VII_59_950_x.jpg,#7aaec8,Aquamarin,24.58,Greens,#6c533f,darkolivegreen,23.34,Greens,#846851,dimgray,10. Aug,Grays,#a1acb0,darkgray,Sep 93,Grays,#8597a5,lightslategray,Jul 81,Grays,#a68163,gray,Jul 43,Grays,#372c23,darkslategray,Jun 63,Grays,#c7c0b4,silver,Mai 48,Grays,Ruhig,Calm/Peaceful,Cathedral,Canal,Boats,Building,Water,Clouds,Trees,Flag,Dock,Sky,Realism,Romanticism,Öl auf Leinwand,Blick vom Kupfergraben zum Königlichen Schloss,"Kloß, Friedrich Wilhelm",,,,#caa07c,tan,Apr 73,Browns,1860,,,,,
VII_60_282_x,1835,1840,,"Landscape,Park,Gathering,River,Pavilion,Trees,Figures,Pathway,Leisure,Sky","Landschaft,Park,Versammlung,Fluss,Pavillon,Bäume,Figuren,Weg,Freizeit,Himmel",Landschaft,Park,Versammlung,Fluss,Pavillon,Baum,Chladni-Figuren,Weg,Freizeit,Himmel,VII 60/282 x,VII_60_282_x.jpg,#1d1c0c,Schwarz,19. Jun,Blacks,#4b411d,darkolivegreen,15.52,Greens,#302d14,darkslategray,14. Feb,Grays,#d4cbb1,silver,13.31,Grays,#e3dec9,gainsboro,Dez 16,Grays,#c0b99f,tan,Nov 49,Browns,#a0a48c,darkseagreen,Aug 52,Greens,#a56f2d,sienna,Feb 74,Browns,Ruhig,Calm/Peaceful,Landscape,Park,Gathering,River,Pavilion,Trees,Figures,Pathway,Leisure,Sky,Romanticism,Realism,Öl auf Holz,Blick auf die Pankower Dorfkirche,"Pascal, Jean Barthelemy",,,,#8f8257,gray,Feb 65,Grays,1835,,,,,
VII_60_662_x,1810,1810,"Bilderuhr,Gemälde","River,Church,Clock,Boats,Trees,Fishing,Village,Sailing,Reflections,Gondola","Fluss,Kirche,Uhr,Boote,Bäume,Angeln,Dorf,Segeln,Spiegelungen,Gondel",Fluss,Kirche,Uhr,Boot,Baum,Angeln,Dorf,Segeln,Reflexion,Gondel <Boot>,VII 60/662 x,VII_60_662_x.jpg,#d0ccce,Hellgrau,42.85,Grays,#343635,darkslategray,28.28,Grays,#c0bec0,silver,Nov 28,Grays,#5c6155,dimgray,Jun 68,Grays,#a09e93,darkgray,Apr 61,Grays,#857c65,gray,Mrz 48,Grays,#6e7e83,slategray,Feb 82,Grays,,,,,Ruhig,Calm/Peaceful,River,Church,Clock,Boats,Trees,Fishing,Village,Sailing,Reflections,Gondola,Realism,Romanticism,Öl auf Leinwand,,,,,,,,,,,,,,,
VII_77_1_x,1842,1840,Schloß,"Bridge,Architecture,River,Statue,Crowd,Buildings,Reflection,Clouds,Swans,Balcony","Brücke,Architektur,Fluss,Statue,Menschenmenge,Gebäude,Spiegelung,Wolken,Schwäne,Balkon",Brücke,Architektur,Fluss,Statue,Menschenmenge,Gebäude,Spiegelung,Wolke,Schwan,Balkon,VII 77/1 x,VII_77_1_x.jpg,#341f0e,Schwarz,32.01,Blacks,#4b331d,darkolivegreen,23. Mai,Greens,#b8ab91,tan,17.66,Browns,#9fa9a6,darkgray,Sep 16,Grays,#969381,gray,Jun 81,Grays,#8f6b44,sienna,Jun 58,Browns,#b78f5f,peru,Apr 73,Browns,,,,,Ruhig,Calm/Peaceful,Bridge,Architecture,River,Statue,Crowd,Buildings,Reflection,Clouds,Swans,Balcony,Romanticism,Realism,Öl auf Leinwand,Blick auf die Kurfürstenbrücke und das Schloss,"Roch, Maximilian",,,Schloß,,,,,1842,,,,,
VII_95_95_x,1829,1830,"Biedermeier,Fluss,Landschaft,Mühle,Wasser,Wassermühle","Landscape,River,House,Trees,Boat,Mill,Water,Bridge,Clouds,Foliage","Landschaft,Fluss,Haus,Bäume,Boot,Mühle,Wasser,Brücke,Wolken,Laub",Landschaft,Fluss,Haus,Baum,Boot,Mühle,Wasser,Brücke,Wolke,Laubblatt,VII 95/95 x,VII_95_95_x.jpg,#d7d5d1,Hellgrau,29.62,Grays,#2a2f24,darkslategray,18.74,Grays,#c4c3c1,silver,17.58,Grays,#181b16,black,Aug 33,Blacks,#5a5a48,darkolivegreen,Jul 65,Greens,#79745c,dimgray,Jun 31,Grays,#90917f,gray,06. Apr,Grays,#aaaba4,darkgray,Mai 72,Grays,Ruhig,Calm/Peaceful,Landscape,River,House,Trees,Boat,Mill,Water,Bridge,Clouds,Foliage,Realism,Naturalism,Öl auf Leinwand,Märkische Landschaft mit Wassermühle,"Hintze, Johann Heinrich",,,Biedermeier,,,,,,,,,,
GEM_75_20,1915,1920,Spielplatz,"Park,Gathering,Trees,Crowds,Leisure,Women,Men,Children,Sunshine,Benches","Park,Versammlung,Bäume,Menschenmenge,Freizeit,Frauen,Männer,Kinder,Sonnenschein,Bänke",Park,Versammlung,Baum,Menschenmenge,Freizeit,Frau,Mann,Kind,Sonne,Bank <Möbel>,GEM 75/20,GEM_75_20.jpg,#483b3d,Schiefergrau,36.13,Grays,#6e5951,dimgray,22.95,Grays,#c1a18b,rosybrown,Nov 68,Browns,#977b6e,gray,Aug 93,Grays,#87a48f,darkseagreen,Aug 82,Greens,#d3c5b6,silver,Jul 67,Grays,#ba7f3c,peru,Mrz 81,Browns,,,,,Frï¿½hlich,Joyful/Uplifting,Park,Gathering,Trees,Crowds,Leisure,Women,Men,Children,Sunshine,Benches,Impressionism,Post-Impressionism,Öl auf Leinwand,Spielplatz im Friedrichshain,"Paeschke, Paul",1910,1920,Spielplatz,,,,,,,,,,
GEM_74_11,1910,1910,,"Cathedral,Balcony,Street,Painting,Clouds,Architecture,Gothic,Tram,Cityscape,Facade","Kathedrale,Balkon,Straße,Gemälde,Wolken,Architektur,Gotik,Straßenbahn,Stadtbild,Fassade",Dom,Balkon,Straße,Gemälde,Wolke,Architektur,Gotik,Straßenbahn,Stadtbild,Fassade,GEM 74/11,GEM_74_11.jpg,#9f8d7a,Grau,22. Feb,Grays,#b3b7c4,silver,Dez 82,Grays,#5f554b,darkolivegreen,Dez 57,Greens,#72685b,dimgray,Dez 31,Grays,#a5acb8,darkgray,11. Jul,Grays,#48423f,darkslategray,Aug 26,Grays,#bca17d,rosybrown,Jul 95,Browns,#957250,sienna,Jun 79,Browns,Besinnlich,Reflective/Nostalgic,Cathedral,Balcony,Street,Painting,Clouds,Architecture,Gothic,Tram,Cityscape,Facade,Impressionism,Realism,Öl auf Leinwand,Blick auf die Kaiser-Wilhelm-Gedächtniskirche,"Mieth, Hugo",1900,1920,,#d3b88c,tan,Mai 57,Browns,,,,,,
GEM_78_1,1881,1880,"Fabrik,Färberei","River,Factory,Smokestacks,Sailboats,Sky,Trees,Water,Fishing,Clouds,Industry","Fluss,Fabrik,Schornsteine,Segelboote,Himmel,Bäume,Wasser,Fischerei,Wolken,Industrie",Fluss,Fabrik,Schornstein,Segelboot,Himmel,Baum,Wasser,Fischerei,Wolke,Industrie,GEM 78/1,GEM_78_1.jpg,#d6d3ca,Hellgrau,21.95,Grays,#c2c7c5,silver,20. Feb,Grays,#e8e0d2,gainsboro,18. Jun,Grays,#7e8181,gray,Jul 79,Grays,#41342e,darkslategray,Jul 73,Grays,#251e19,black,07. Feb,Blacks,#6b6c6d,dimgray,05. Aug,Grays,#594e48,darkolivegreen,Mai 61,Greens,Besinnlich,Reflective/Nostalgic,River,Factory,Smokestacks,Sailboats,Sky,Trees,Water,Fishing,Clouds,Industry,Realism,Naturalism,Öl auf Leinwand,Die Wäscherei und Färberei Spindler,"Andorff, Paul",,,Fabrik,,,,,,,,,,
GEM_79_44,1860,1860,"Berlin-Charlottenburg,Fabrik,Industrie,Stadtbild","Factory,Smokestack,Industry,Workers,Carriage,Landscape,Buildings,Chimney,Skyline,Horses","Fabrik,Schornstein,Industrie,Arbeiter,Kutsche,Landschaft,Gebäude,Schornstein,Skyline,Pferde",Fabrik,Schornstein,Industrie,Arbeiter,Kutsche,Landschaft,Gebäude,Schornstein,Skyline,Pferde <Familie>,GEM 79/44,GEM_79_44.jpg,#e7ebe4,Beige,18. Jul,Whites,#a1c4e4,lightsteelblue,17.13,Cyans,#c4d9e6,powderblue,16. Nov,Cyans,#8f673a,sienna,Sep 65,Browns,#2c1d10,black,09. Dez,Blacks,#633b18,saddlebrown,07. Sep,Browns,#74aae0,cornflowerblue,Jul 13,Cyans,#bc8b57,peru,Mai 75,Browns,Besinnlich,Reflective/Nostalgic,Factory,Smokestack,Industry,Workers,Carriage,Landscape,Buildings,Chimney,Skyline,Horses,Realism,Naturalism,Öl auf Leinwand,Ansicht der Maschinenbauanstalt Julius Freund in Charlottenburg,,,,,,,,,,,,,,
GEM_84_2,1860,1860,"Architektur,Oper,Unter den Linden,Vedute,Zeughaus","Palace,Architecture,Gathering,Statues,Gardens,Dresses,Columns,Carriage,Crowd,Trees","Palast,Architektur,Versammlung,Statuen,Gärten,Kleider,Säulen,Kutsche,Menschenmenge,Bäume",Palast,Architektur,Versammlung,Statue,Garten,Kleid,Säule,Kutsche,Menschenmenge,Baum,GEM 84/2,GEM_84_2.jpg,#e9c1a0,Hellbraun,22. Aug,Browns,#9b6a49,sienna,16.99,Browns,#49321d,darkolivegreen,Nov 83,Greens,#d0bca5,tan,Nov 44,Browns,#b8825e,peru,Aug 72,Browns,#654327,saddlebrown,Aug 49,Browns,#d49a73,darksalmon,Jul 99,Reds,#2d1f15,black,Jul 94,Blacks,Besinnlich,Reflective/Nostalgic,Palace,Architecture,Gathering,Statues,Gardens,Dresses,Columns,Carriage,Crowd,Trees,Realism,Romanticism,Öl auf Leinwand,Ansicht des Opernplatzes mit Blick auf die Neue Wache und das Zeughaus,"Brücke, Johann Wilhelm",1840,1880,Architektur,,,,,,,,,,
GEM_88_4,1835,1840,"Berlin-Mitte,Biedermeier,Schinkel,Stadtansicht,Stadtbild","Cityscape,Rooftop,Dome,River,Spire,Terrace,Tools,Railings,Buildings,Sky","Stadtbild,Dach,Kuppel,Fluss,Spitze,Terrasse,Werkzeuge,Geländer,Gebäude,Himmel",Stadtbild,Dach,Kuppel,Fluss,Spitze,Terrasse,Werkzeug,Geländer,Gebäude,Himmel,GEM 88/4,GEM_88_4.jpg,#d6c3a5,Hellbraun,30. Jul,Browns,#4a301e,darkolivegreen,24.52,Greens,#dfcdaf,wheat,21. Jul,Browns,#352114,black,15. Aug,Blacks,#9c774f,sienna,04. Apr,Browns,#bd996a,darkkhaki,Apr 23,Yellows,,,,,,,,,Besinnlich,Reflective/Nostalgic,Cityscape,Rooftop,Dome,River,Spire,Terrace,Tools,Railings,Buildings,Sky,Realism,Romanticism,Öl auf Leinwand,Blick vom Dach der Friedrich-Werderschen Kirche auf das Friedrichsforum,"Gärtner, Eduard",,,Berlin-Mitte,,,,,,,,,,
VII_59_497_x,1830,1830,"Berlin,Genre,Landschaft,Schlittschuh,Vergnügen,Winter","Ice,Skating,River,Snow,Winter,Landscape,People,Recreation,Clouds,Buildings","Eis,Schlittschuhlaufen,Fluss,Schnee,Winter,Landschaft,Menschen,Erholung,Wolken,Gebäude",Eis,Schlittschuh,Fluss,Schnee,Winter,Landschaft,Mensch,Erholung,Wolke,Gebäude,VII 59/497 x,VII_59_497_x.jpg,#7e8282,Grau,38.6,Grays,#6d7479,dimgray,25. Mai,Grays,#bab7a5,darkgray,22.16,Grays,#c8c9b9,silver,Aug 92,Grays,#bca277,darkkhaki,Feb 69,Yellows,#4a4541,darkslategray,Feb 14,Grays,,,,,,,,,Besinnlich,Reflective/Nostalgic,Ice,Skating,River,Snow,Winter,Landscape,People,Recreation,Clouds,Buildings,Realism,Naturalism,Öl auf Leinwand,Schlittschuhbahn auf der Spree neben den Zelten bei Berlin,"Eichler, Wilhelm",,,Berlin,,,,,,,,,,
VII_59_513_x,1788,1790,"Rokoko,Stadtansicht,Unter den Linden,Zeughaus","Architecture,Carriage,Statue,Dome,Urban,Plaza,Pedestrians,Fencing,Trees,Sky","Architektur,Kutsche,Statue,Kuppel,Stadt,Platz,Fußgänger,Zaun,Bäume,Himmel",Architektur,Kutsche,Statue,Kuppel,Stadt,Platz,Fußgänger,Zaun,Baum,Himmel,VII 59/513 x,VII_59_513_x.jpg,#524128,Olivgrün,24. Dez,Greens,#afa794,darkgray,17. Sep,Grays,#876a41,sienna,Nov 83,Browns,#a29883,rosybrown,10. Dez,Browns,#c4b29a,tan,10. Jan,Browns,#8a7e6d,gray,Jul 85,Grays,#352b1b,darkslategray,Jul 16,Grays,#a38555,peru,Jun 27,Browns,Besinnlich,Reflective/Nostalgic,Architecture,Carriage,Statue,Dome,Urban,Plaza,Pedestrians,Fencing,Trees,Sky,Realism,Classicism,Öl auf Leinwand,Blick vom Platz am Zeughaus zum Lustgarten,"Fechhelm, Carl Traugott",,,Rokoko,,,,,,,,,,
VII_59_773_x,1862,1860,,"Landscape,Forest,Path,Figures,Trees,Sheep,Countryside,Women,Children,Sunlight","Landschaft,Wald,Weg,Figuren,Bäume,Schafe,Landleben,Frauen,Kinder,Sonnenlicht",Landschaft,Wald,Weg,Chladni-Figuren,Baum,Schaf,Landleben,Frau,Kind,Sonnenstrahlung,VII 59/773 x,VII_59_773_x.jpg,#52381c,Olivgrün,32.09,Greens,#7a5936,sienna,19.36,Browns,#412912,darkslategray,17.51,Grays,#2d1a0a,black,13. Mrz,Blacks,#a39079,rosybrown,Mai 63,Browns,#af8253,peru,Apr 83,Browns,#c2ae94,tan,Apr 66,Browns,#e4d6bd,wheat,02. Sep,Browns,Besinnlich,Reflective/Nostalgic,Landscape,Forest,Path,Figures,Trees,Sheep,Countryside,Women,Children,Sunlight,Romanticism,Realism,Öl auf Leinwand,Die Gegend des heutigen Breitscheid-Platzes mit dem Anfang des Kurfürstendamms,,,,,,,,,,,,,,
VII_61_703_x,1831,1830,"Altes Museum,Architektur,Biedermeier,Cantian,Granitschale,Lustgarten","Fountain,Plaza,Architecture,Landscape,Clouds,People,Uniform,Building,Walkway,Sculpture","Brunnen,Platz,Architektur,Landschaft,Wolken,Menschen,Uniform,Gebäude,Gehweg,Skulptur",Brunnen,Platz,Architektur,Landschaft,Wolke,Mensch,Uniform,Gebäude,Gehweg,Plastik,VII 61/703 x,VII_61_703_x.jpg,#bcb8b1,Silber,25,Grays,#2a241c,black,18.76,Blacks,#979896,darkgray,Dez 89,Grays,#433828,darkslategray,Dez 75,Grays,#8f6d43,sienna,Okt 19,Browns,#b38a53,peru,Aug 75,Browns,#635034,darkolivegreen,Aug 28,Greens,#727577,gray,Mrz 39,Grays,Besinnlich,Reflective/Nostalgic,Fountain,Plaza,Architecture,Landscape,Clouds,People,Uniform,Building,Walkway,Sculpture,Realism,Romanticism,Öl auf Leinwand,Die Granitschale im Lustgarten,"Hummel, Johann Erdmann",,,Altes Museum,,,,,,,,,,
GEM_70_2,1930,1930,Platz,"Street,Intersection,Billboard,Cars,Pedestrians,Buildings,Trees,Buses,Urban,Traffic","Straße,Kreuzung,Werbetafel,Autos,Fußgänger,Gebäude,Bäume,Busse,Stadt,Verkehr",Straße,Kreuzung,Werbung,autos,Fußgänger,Gebäude,Baum,Buße,Stadt,Verkehr,GEM 70/2,GEM_70_2.jpg,#94907f,Grau,34.9,Grays,#5d594d,dimgray,21.34,Grays,#bcbcb3,silver,Dez 51,Grays,#a3a594,darkgray,Sep 68,Grays,#41443f,darkslategray,Jul 58,Grays,#b99a74,rosybrown,Jul 37,Browns,#cbb193,tan,Jun 62,Browns,,,,,Energetisch,Energetic/Tense,Street,Intersection,Billboard,Cars,Pedestrians,Buildings,Trees,Buses,Urban,Traffic,Impressionism,Post-Impressionism,Öl auf Leinwand,Am Potsdamer Platz,"Antoine, Otto",,,Platz,,,,,1930,,,,,
VII_59_940_x,1865,1870,,"Construction,Carriage,Horses,Buildings,Workers,Debris,Wagon,Cityscape,Renovation,Streetscape","Bau,Kutsche,Pferde,Gebäude,Arbeiter,Trümmer,Wagen,Stadtbild,Renovierung,Straßenbild",Konstruktion,Kutsche,Pferde <Familie>,Gebäude,Arbeiter,Schaden,Wagen,Stadtbild,Renovierung,Straße,VII 59/940 x,VII_59_940_x.jpg,#c5bcac,Silber,21. Apr,Grays,#7a5b49,dimgray,19.14,Grays,#a6866e,rosybrown,15.82,Browns,#e3d0b8,wheat,15.57,Browns,#604538,darkolivegreen,Aug 43,Greens,#442b24,darkslategray,Aug 41,Grays,#271614,black,07. Apr,Blacks,#98a8a4,darkgray,Apr 55,Grays,Energetisch,Energetic/Tense,Construction,Carriage,Horses,Buildings,Workers,Debris,Wagon,Cityscape,Renovation,Streetscape,Romanticism,Realism,Öl auf Leinwand,Das Tempo der Gründerjahre,"Kaiser, Friedrich",1860,1870,,,,,,,,,,,
VII_60_527_x,1780,1780,,"Fire,Smoke,Night,Village,Spectators,Horse,Trees,Buildings,Flames,Disaster","Feuer,Rauch,Nacht,Dorf,Zuschauer,Pferd,Bäume,Gebäude,Flammen,Katastrophe",Feuer,Rauch,Nacht,Dorf,Zuschauer,Pferd,Baum,Gebäude,Flammen-Atomemissionspektrometrie,Katastrophe,VII 60/527 x,VII_60_527_x.jpg,#514943,Schiefergrau,67.01,Grays,#5d564d,dimgray,17.22,Grays,#231d19,black,Aug 31,Blacks,#774c38,saddlebrown,Mrz 25,Browns,#a35b3d,sienna,Feb 39,Browns,#cb7144,peru,Jan 82,Browns,,,,,,,,,Angsterfï¿½llt,Sad/Melancholic,Fire,Smoke,Night,Village,Spectators,Horse,Trees,Buildings,Flames,Disaster,Romanticism,Realism,Öl auf Leinwand,Mühlenbrand in Berlin,unbekannter Künstler,1770,1790,,,,,,,,,,,
GEM_88_41,1912,1910,"Expressionismus,Kreuzung,Nollendorfplatz,Stadtbild,Straßenbahn","Tram,Crowd,Streetscape,Night,Building,Urban,Transportation,Pedestrians,Illumination,Intersection","Straßenbahn,Menschenmenge,Straßenbild,Nacht,Gebäude,Stadt,Transport,Fußgänger,Beleuchtung,Kreuzung",Straßenbahn,Menschenmenge,Straße,Nacht,Gebäude,Stadt,Transport,Fußgänger,Beleuchtung,Kreuzung,GEM 88/41,GEM_88_41.jpg,#252927,Schiefergrau,50.75,Grays,#70774e,dimgray,18.97,Grays,#8d9257,gray,16.47,Grays,#a9a964,darkkhaki,Okt 79,Yellows,#cdcb93,tan,03. Feb,Browns,,,,,,,,,,,,,Dï¿½ster,Sad/Melancholic,Tram,Crowd,Streetscape,Night,Building,Urban,Transportation,Pedestrians,Illumination,Intersection,Expressionism,Modernism,Öl auf Leinwand,Nollendorfplatz,"Kirchner, Ernst Ludwig",,,Expressionismus,,,,,,,,,,
VII_60_132_x,1843,1840,,"Festival,Riverbank,Boats,Costumes,Dancing,Musicians,Gatherings,Interaction,Waterfront,Celebrations","Festival,Flussufer,Boote,Kostüme,Tanzen,Musiker,Versammlungen,Interaktion,Wasserfront,Feiern",Festival,Flussufer,Boot,Kostüm,Tanz,Musiker,Versammlung,Interaktion,Küste,Feier,VII 60/132 x,VII_60_132_x.jpg,#cdbfa3,Hellbraun,39.61,Browns,#4a3220,darkolivegreen,27.59,Greens,#2c2218,black,Nov 36,Blacks,#7d512b,saddlebrown,Jun 49,Browns,#706149,dimgray,06. Aug,Grays,#956d39,sienna,04. Sep,Browns,#9d8461,gray,Mrz 97,Grays,,,,,Spielerisch,Joyful/Uplifting,Festival,Riverbank,Boats,Costumes,Dancing,Musicians,Gatherings,Interaction,Waterfront,Celebrations,Romanticism,Genre painting,Öl auf Leinwand,Stralauer Fischzug,"Munk, Jacob",,,,,,,,1843,,,,,
GEM_64_9,1926,1930,,"Buildings,Snow,Courtyard,Flag,Huts,Chimneys,Fence,Gate,Tree,Winter","Gebäude,Schnee,Hof,Fahne,Hütten,Schornsteine,Zaun,Tor,Baum,Winter",Gebäude,Schnee,Hof,Fahne,Hütte,Schornstein,Zaun,Tor,Baum,Winter,GEM 64/9,GEM_64_9.jpg,#292d2c,Schiefergrau,21. Jan,Grays,#a8a597,darkgray,17.65,Grays,#0d1012,black,Nov 91,Blacks,#8b8d80,gray,Nov 25,Grays,#c2bcae,silver,Okt 83,Grays,#5b4538,darkolivegreen,09. Apr,Greens,#636c64,dimgray,Jul 44,Grays,#876648,sienna,07. Mrz,Browns,Melancholisch,Sad/Melancholic,Buildings,Snow,Courtyard,Flag,Huts,Chimneys,Fence,Gate,Tree,Winter,Naive Art,Expressionism,Öl auf Leinwand,Berliner Hinterhäuser im Winter,"Wunderwald, Gustav",,,,#be8a51,peru,Mrz 84,Browns,1926,,,,,
GEM_66_12,1933,1930,"Brand,Reichstag","Ruins,Destruction,Architecture,Beams,Debris,Columns,Shadows,Damaged,Interior,Derelict","Ruinen,Zerstörung,Architektur,Balken,Trümmer,Säulen,Schatten,Beschädigt,Innen,Verfallen",Ruine,Zerstörung,Architektur,Balken,Zerstörung <Motiv>,Säule,Schatten,Schaden,Innenarchitektur,Verfall,GEM 66/12,GEM_66_12.jpg,#4a3f3a,Schiefergrau,37.43,Grays,#685a4f,dimgray,25.54,Grays,#8d7a65,gray,15.65,Grays,#584d45,darkolivegreen,15.51,Greens,#b8a38a,rosybrown,Mrz 91,Browns,#d1c2a7,silver,Jan 96,Grays,,,,,,,,,Melancholisch,Sad/Melancholic,Ruins,Destruction,Architecture,Beams,Debris,Columns,Shadows,Damaged,Interior,Derelict,Expressionism,Impressionism,Öl auf Leinwand,Der ausgebrannte Reichstagssaal,"Hänsch, Johannes",,,Brand,,,,,,,,,,
GEM_68_25,1904,1900,Kirche,"Trees,Pathway,Buildings,Lamppost,Fence,Figures,Windows,Doorway,Courtyard,Urban","Bäume,Weg,Gebäude,Laternenpfahl,Zaun,Figuren,Fenster,Türöffnung,Hof,Stadt",Baum,Weg,Gebäude,Laterne,Zaun,Chladni-Figuren,Fenster,Tür,Hof,Stadt,GEM 68/25,GEM_68_25.jpg,#2a2320,Schwarz,53.34,Blacks,#342f30,darkslategray,32.8,Grays,#574f4b,darkolivegreen,Jun 39,Greens,#70655d,dimgray,Apr 53,Grays,#8b8378,gray,02. Sep,Grays,#aeafad,darkgray,0.85,Grays,,,,,,,,,Melancholisch,Sad/Melancholic,Trees,Pathway,Buildings,Lamppost,Fence,Figures,Windows,Doorway,Courtyard,Urban,Impressionism,Realism,Öl auf Leinwand,Blick auf die Nikolaikirche,"Skarbina, Franz",,,Kirche,,,,,1904,,,,,
GEM_69_17,1915,1920,,"Landscape,Castle,Clouds,Pathway,Towers,Fields,Trees,Gate,Walls,Manor","Landschaft,Schloss,Wolken,Weg,Türme,Felder,Bäume,Tor,Mauern,Herrenhaus",Landschaft,Schloss,Wolke,Weg,Turm,Feld,Baum,Tor,Mauern,Herrenhaus,GEM 69/17,GEM_69_17.jpg,#432c0f,Olivgrün,28.87,Greens,#beaf90,tan,24. Sep,Browns,#88785b,dimgray,20.21,Grays,#9b896a,gray,Sep 78,Grays,#2b1c09,black,Sep 53,Blacks,#ad9c7c,rosybrown,Jul 52,Browns,,,,,,,,,Melancholisch,Sad/Melancholic,Landscape,Castle,Clouds,Pathway,Towers,Fields,Trees,Gate,Walls,Manor,Baroque,Dutch Golden Age Painting,Öl auf Leinwand,Das Berliner Schloss und seine Umgebung (anonyme Kopie nach Joh. Reuscher),unbekannter Künstler,1900,1930,,,,,,,Realism,,,,
GEM_71_5,1886,1890,"Gebäude,Wasser","River,Industrial,Smokestack,Barge,Buildings,Steeple,Waterfront,Fishing,Reflection,Dock","Fluss,Industrie,Schornstein,Lastkahn,Gebäude,Steeple,Waterfront,Fischerei,Reflexion,Dock",Fluss,Industrie,Schornstein,Kahn,Gebäude,Kirchturm,Küste,Fischerei,Reflexion,Dock,GEM 71/5,GEM_71_5.jpg,#735f41,Olivgrün,37.25,Greens,#19110c,black,21.44,Blacks,#836e4d,dimgray,Nov 21,Grays,#957f5b,gray,Okt 62,Grays,#3f311d,darkslategray,Jul 68,Grays,#a89169,rosybrown,Jul 66,Browns,#bda77b,darkkhaki,Apr 15,Yellows,,,,,Melancholisch,Sad/Melancholic,River,Industrial,Smokestack,Barge,Buildings,Steeple,Waterfront,Fishing,Reflection,Dock,Realism,Naturalism,Öl auf Leinwand,Alt-Berlin,"Jacob, Julius",,,Gebäude,,,,,,,,,,
GEM_73_2,1911,1910,"Architektur,Platz,Stadtbild,Vogelschau","Cityscape,Buildings,Trees,Streets,Rooftops,Urban,Architecture,Facades,Plaza,Pedestrians","Stadtbild,Gebäude,Bäume,Straßen,Dächer,Urban,Architektur,Fassaden,Plaza,Fußgänger",Stadtbild,Gebäude,Baum,Straße,Dach,Urbanität,Architektur,Fassade,Platz,Fußgänger,GEM 73/2,GEM_73_2.jpg,#514132,Olivgrün,30. Apr,Greens,#3b3227,darkslategray,18.68,Grays,#261f1a,black,11. Mai,Blacks,#80705c,dimgray,Okt 68,Grays,#998871,gray,10. Mrz,Grays,#80583d,sienna,Jun 41,Browns,#bfa17f,rosybrown,Mai 82,Browns,#e2c69d,burlywood,Mrz 55,Browns,Melancholisch,Sad/Melancholic,Cityscape,Buildings,Trees,Streets,Rooftops,Urban,Architecture,Facades,Plaza,Pedestrians,Impressionism,Post-Impressionism,Öl auf Leinwand,Nollendorfplatz,"Beckmann, Max",,,Architektur,,,,,,,,,,
GEM_76_10,1920,1920,,"Street,Evening,Pedestrians,Building,Lighting,Automobiles,Windows,Signage,Reflection,Urban","Straße,Abend,Fußgänger,Gebäude,Beleuchtung,Automobile,Fenster,Beschilderung,Spiegelung,Stadt",Straße,Abend,Fußgänger,Gebäude,Beleuchtung,Automobil,Fenster,Beschilderung,Spiegelung,Stadt,GEM 76/10,GEM_76_10.jpg,#1f190f,Schwarz,55.71,Blacks,#483c26,darkolivegreen,21.97,Greens,#392f1d,darkslategray,16.84,Grays,#9e8347,peru,Feb 28,Browns,#603d13,saddlebrown,02. Jun,Browns,#c1a869,darkkhaki,Jan 14,Yellows,,,,,,,,,Melancholisch,Sad/Melancholic,Street,Evening,Pedestrians,Building,Lighting,Automobiles,Windows,Signage,Reflection,Urban,Impressionism,Realism,Öl auf Hartfaser,Leipziger Straße am Abend,"Hoeniger, Paul",,,,,,,,1920,,,,,
GEM_76_31,1891,1890,"Gasanstalt,Verkehr","River,Boats,Smokestack,Cityscape,Waterfront,Smoke,Skyline,Barges,Dock,Industrial","Fluss,Boote,Schornstein,Stadtbild,Wasserfront,Rauch,Skyline,Lastkähne,Dock,Industrie",Fluss,Boot,Schornstein,Stadtbild,Küste,Rauch,Skyline,Schiff,Dock,Industrie,GEM 76/31,GEM_76_31.jpg,#cbc7c4,Silber,23.56,Grays,#d7d4d0,lightgray,21.81,Grays,#e1dfdc,gainsboro,15.61,Grays,#5b5553,dimgray,Nov 72,Grays,#aba29a,darkgray,Nov 67,Grays,#938b86,gray,Aug 69,Grays,#443d3d,darkslategray,Mai 52,Grays,#26201f,black,Jan 42,Blacks,Melancholisch,Sad/Melancholic,River,Boats,Smokestack,Cityscape,Waterfront,Smoke,Skyline,Barges,Dock,Industrial,Impressionism,Realism,Öl auf Malpappe,Die Englische Gasanstalt an der Spree,"Meckel, Adolf von",,,Gasanstalt,,,,,,,,,,
GEM_80_17,1925,1930,,"Streetscape,Evening,Monument,Trees,Vehicles,Pedestrians,Light,Statue,Reflections,Urban","Straßenlandschaft,Abend,Monument,Bäume,Fahrzeuge,Fußgänger,Licht,Statue,Reflektionen,Urban",Straße,Abend,Wahrzeichen,Baum,Fahrzeug,Fußgänger,Licht,Statue,Spiegelung,Urbanität,GEM 80/17,GEM_80_17.jpg,#654f4b,Dunkelgrau,33.52,Grays,#4d4241,darkslategray,20.75,Grays,#ab8166,rosybrown,13. Apr,Browns,#11232a,black,13. Jan,Blacks,#897568,gray,Aug 73,Grays,#956752,sienna,Jul 47,Browns,#dbc9a0,tan,03. Feb,Browns,,,,,Melancholisch,Sad/Melancholic,Streetscape,Evening,Monument,Trees,Vehicles,Pedestrians,Light,Statue,Reflections,Urban,Impressionism,Post-Impressionism,Öl auf Holz,Am Anhalter Bahnhof,"Licht, Hans",,,,,,,,1925,,,,,
GEM_80_2,1945,1950,"Klosterkirche,Nachkriegszeit,Rotes Rathaus,Ruine","Ruins,Cathedral,Arch,Tree,Debris,Window,Tower,Statue,Facade,Apse","Ruine,Kathedrale,Bogen,Baum,Trümmer,Fenster,Turm,Statue,Fassade,Apsis",Ruine,Dom,Bogen <Architektur>,Baum,Zerstörung <Motiv>,Fenster,Turm,Statue,Fassade,Apsis,GEM 80/2,GEM_80_2.jpg,#4c3929,Olivgrün,38.59,Greens,#7f6147,dimgray,21. Aug,Grays,#3e2e20,darkslategray,14.16,Grays,#a58160,gray,Aug 96,Grays,#2c1f13,black,07. Apr,Blacks,#ba936f,rosybrown,Jul 32,Browns,#d3af88,tan,02. Mai,Browns,,,,,Melancholisch,Sad/Melancholic,Ruins,Cathedral,Arch,Tree,Debris,Window,Tower,Statue,Facade,Apse,Expressionism,Impressionism,Mischtechnik,Ruine der Klosterkirche,"Dahle, Adolf",,,Klosterkirche,,,,,,,,,,
GEM_80_3,1940,1940,,"Cityscape,Streetscape,Carriages,Buildings,Road,Pedestrians,Trees,Rain,Rooftops,Windows","Stadtbild,Straßenbild,Kutschen,Gebäude,Straße,Fußgänger,Bäume,Regen,Dächer,Fenster",Stadtbild,Straße,Kutsche,Gebäude,Straße,Fußgänger,Baum,Regen,Dach,Fenster,GEM 80/3,GEM_80_3.jpg,#84777d,Grau,36.51,Grays,#6d6067,dimgray,28.14,Grays,#c1b4b4,silver,Okt 44,Grays,#ada0a2,darkgray,Sep 78,Grays,#b6998a,rosybrown,09. Jul,Browns,#d6c9cc,lightgray,06. Jun,Grays,,,,,,,,,Melancholisch,Sad/Melancholic,Cityscape,Streetscape,Carriages,Buildings,Road,Pedestrians,Trees,Rain,Rooftops,Windows,Impressionism,Realism,Öl auf Holz,Blick aus dem Atelierfenster Klosterstraße,"Dahle, Adolf",1935,1945,,,,,,,,,,,
GEM_84_9,1893,1890,"Dom,Lustgarten,Sprengung,Stadtbild","Destruction,Rubble,Explosion,Spectators,Horseman,Fence,Column,Statue,Demolition,Smoke","Zerstörung,Trümmer,Explosion,Zuschauer,Reiter,Zaun,Säule,Statue,Abriss,Rauch",Zerstörung,Schutt,Explosion,Zuschauer,Reiter,Zaun,Säule,Statue,Abbruch,Rauch,GEM 84/9,GEM_84_9.jpg,#827066,Dunkelgrau,28.24,Grays,#a88d7d,rosybrown,19.52,Browns,#363228,darkslategray,15.75,Grays,#967f71,gray,14.89,Grays,#25241c,black,Sep 58,Blacks,#655244,darkolivegreen,09. Aug,Greens,#d6b9a9,tan,Feb 93,Browns,,,,,Melancholisch,Sad/Melancholic,Destruction,Rubble,Explosion,Spectators,Horseman,Fence,Column,Statue,Demolition,Smoke,Realism,Impressionism,Öl auf Leinwand,Die Sprengung des Berliner Doms,"Gehrke, Fritz",,,Dom,,,,,,,,,,
GEM_85_2,1913,1910,"Brandenburg,Hermsdorf,Wasserturm","Landscape,Tower,Trees,House,Hill,Rural,Pipes,Buildings,Sky,Clouds","Landschaft,Turm,Bäume,Haus,Hügel,Ländlich,Rohre,Gebäude,Himmel,Wolken",Landschaft,Turm,Baum,Haus,Hügel,Landleben,Rohr,Gebäude,Himmel,Wolke,GEM 85/2,GEM_85_2.jpg,#a09480,Braun,30.48,Browns,#363635,darkslategray,19. Aug,Grays,#615d52,dimgray,18.33,Grays,#beb49b,tan,12. Apr,Browns,#8b8371,gray,09. Aug,Grays,#202225,black,Jun 79,Blacks,#d4c7b5,silver,Mrz 13,Grays,,,,,Melancholisch,Sad/Melancholic,Landscape,Tower,Trees,House,Hill,Rural,Pipes,Buildings,Sky,Clouds,Impressionism,Post-Impressionism,Öl auf Leinwand,Wasserturm in Hermsdorf,"Beckmann, Max",,,Brandenburg,,,,,,,,,,
GEM_86_35,1905,1910,,"River,Boats,Snow,Buildings,Poles,Reflection,Water,Roofs,Docks,Winter","Fluss,Boote,Schnee,Gebäude,Masten,Reflexion,Wasser,Dächer,Docks,Winter",Fluss,Boot,Schnee,Gebäude,Mast,Spiegelung,Wasser,Dach,Dock,Winter,GEM 86/35,GEM_86_35.jpg,#836d57,Dunkelgrau,30.43,Grays,#917e67,gray,22.59,Grays,#604637,darkolivegreen,11. Jun,Greens,#bea98f,tan,Nov 44,Browns,#4b3025,darkslategray,Sep 51,Grays,#ad9072,rosybrown,Jul 52,Browns,#311e17,black,Jun 91,Blacks,,,,,Melancholisch,Sad/Melancholic,River,Boats,Snow,Buildings,Poles,Reflection,Water,Roofs,Docks,Winter,Impressionism,Post-Impressionism,Öl auf Pappe,An der Friedrichsgracht,"Paeschke, Paul",,,,,,,,1905,,,,,
GS_08_5_GM,1842,1840,,"Architecture,Tower,Bridge,River,Lampost,Dock,Building,Roof,Water,Facade","Architektur,Turm,Brücke,Fluss,Pfosten,Dock,Gebäude,Dach,Wasser,Fassade",Architektur,Turm,Brücke,Fluss,Pfosten,Dock,Gebäude,Dach,Wasser,Fassade,GS 08/5 GM,GS_08_5_GM.jpg,#4a3636,Schiefergrau,24. Mai,Grays,#5d4746,darkolivegreen,14.34,Greens,#e5c9ba,wheat,13.83,Browns,#745b59,dimgray,11. Apr,Grays,#d5b9a8,tan,Sep 69,Browns,#f2dcd1,antiquewhite,Sep 46,Whites,#1b0907,black,08. Jul,Blacks,#ad9986,rosybrown,Apr 56,Browns,Melancholisch,Sad/Melancholic,Architecture,Tower,Bridge,River,Lampost,Dock,Building,Roof,Water,Facade,Realism,Impressionism,Öl auf Leinwand,Märkisches Museum mit Waisenbrücke,"Geßner, R.",,,,#8d7772,gray,Apr 52,Grays,1842,,,,,
SM_2012-1240_KOU,1905,1910,"Königsberg,Preußen,Stadtbild","Cityscape,River,Boats,Buildings,Rooftops,Snow,Crane,Spire,Windows,Winter","Stadtbild,Fluss,Boote,Gebäude,Dächer,Schnee,Kran,Turmspitze,Fenster,Winter",Stadtbild,Fluss,Boot,Gebäude,Dach,Schnee,Kran,Kirchturm,Fenster,Winter,SM 2012-1240 KOU,SM_2012-1240_KOU.jpg,#a7a59c,Dunkelgrau,46.57,Grays,#8e8985,gray,26.75,Grays,#716b68,dimgray,16. Feb,Grays,#c1bfb7,silver,Jun 61,Grays,#4a403e,darkslategray,04. Apr,Grays,,,,,,,,,,,,,Melancholisch,Sad/Melancholic,Cityscape,River,Boats,Buildings,Rooftops,Snow,Crane,Spire,Windows,Winter,Impressionism,Post-Impressionism,Öl auf Malpappe,Königsberg,unbekannter Künstler,1890,1920,Königsberg,,,,,,,,,,
VII_59_234_x,1931,1930,"Arbeiter,Architektur,Großstadt,Stadtbild,Straßenszene","Evening,Crowd,Pedestrians,Street,Children,Buildings,Clock,Lanterns,Signage,Overcoats","Abend,Menschenmenge,Fußgänger,Straße,Kinder,Gebäude,Uhr,Laternen,Beschilderung,Mäntel",Abend,Menschenmenge,Fußgänger,Straße,Kind,Gebäude,Uhr,Laterne,Beschilderung,Mantel,VII 59/234 x,VII_59_234_x.jpg,#352e27,Schiefergrau,39.18,Grays,#52483b,darkolivegreen,26.55,Greens,#25221e,black,12. Jun,Blacks,#646c6b,dimgray,Nov 28,Grays,#7b847e,gray,Apr 39,Grays,#95a99f,darkgray,Mrz 74,Grays,#a88a60,peru,Feb 25,Browns,,,,,Melancholisch,Sad/Melancholic,Evening,Crowd,Pedestrians,Street,Children,Buildings,Clock,Lanterns,Signage,Overcoats,Social Realism,Impressionism,Öl auf Leinwand,Großstadtlichter,"Baluschek, Hans",,,Arbeiter,,,,,,,,,,
VII_59_249_x,1929,1930,"Architektur,Großstadt,Molkenmarkt,Stadtbild,Straßen/Plätze,Verkehr","Tram,Street,Buildings,Pedestrians,Carriage,Clouds,Trolley,Advertisement,Cobblestone,Cityscape","Straßenbahn,Straße,Gebäude,Fußgänger,Kutsche,Wolken,Trolley,Werbung,Kopfsteinpflaster,Stadtbild",Straßenbahn,Straße,Gebäude,Fußgänger,Kutsche,Wolke,Trolley-Problem,Werbung,Pflasterstein,Stadtbild,VII 59/249 x,VII_59_249_x.jpg,#474448,Schiefergrau,26.13,Grays,#595456,dimgray,24.83,Grays,#ced2d3,lightgray,Nov 32,Grays,#e0e2e1,gainsboro,Sep 82,Grays,#1d2127,black,Sep 26,Blacks,#837f7a,gray,Jul 45,Grays,#bcc0c0,silver,Jun 55,Grays,#9c9d98,darkgray,Apr 64,Grays,Melancholisch,Sad/Melancholic,Tram,Street,Buildings,Pedestrians,Carriage,Clouds,Trolley,Advertisement,Cobblestone,Cityscape,Realism,Impressionism,Öl auf Leinwand,Molkenmarkt,,,,,,,,,,,,,,
VII_59_745_x,1867,1870,,"Factory,Smokestack,River,Poplars,Sailboats,Fields,Farmhouse,Workers,Chimney,Industrial","Fabrik,Schornstein,Fluss,Pappeln,Segelboote,Felder,Bauernhaus,Arbeiter,Schornstein,Industrie",Fabrik,Schornstein,Fluss,Pappel,Segelboot,Feld,Bauernhaus,Arbeiter,Schornstein,Industrie,VII 59/745 x,VII_59_745_x.jpg,#4e4d26,Olivgrün,19.58,Greens,#7c8d74,gray,17.62,Grays,#717d5c,dimgray,14,Grays,#8f9e83,darkseagreen,13.63,Greens,#1c2311,black,Okt 66,Blacks,#bcc082,darkkhaki,Okt 33,Yellows,#333a1c,darkslategray,Sep 47,Grays,#cfd598,tan,Apr 72,Browns,Melancholisch,Sad/Melancholic,Factory,Smokestack,River,Poplars,Sailboats,Fields,Farmhouse,Workers,Chimney,Industrial,Realism,Romanticism,Öl auf Schieferplatte,Die Tonwarenfabrik von Ernst March in Charlottenburg,"Gärtner, Eduard",,,,,,,,1867,,,,,
VII_59_830_x,1903,1900,"Berlin,Berlin-Mitte,Klosterstraße","Cityscape,Spire,Buildings,Boats,River,Reflection,Figures,Facades,Skyline,Dock","Stadtbild,Turm,Gebäude,Boote,Fluss,Spiegelung,Figuren,Fassaden,Skyline,Dock",Stadtbild,Turm,Gebäude,Boot,Fluss,Spiegelung,Chladni-Figuren,Fassade,Skyline,Dock,VII 59/830 x,VII_59_830_x.jpg,#aba398,Dunkelgrau,31.79,Grays,#584f5c,dimgray,23.33,Grays,#908886,gray,17.37,Grays,#9e9791,rosybrown,16.45,Browns,#332e38,darkslategray,11. Jun,Grays,,,,,,,,,,,,,Melancholisch,Sad/Melancholic,Cityscape,Spire,Buildings,Boats,River,Reflection,Figures,Facades,Skyline,Dock,Impressionism,Post-Impressionism,Öl auf Malpappe,Spreeblick zur Klosterstraße,"Hübner, Ulrich",1900,1907,Berlin,,,,,,,,,,
VII_59_841_x,1895,1900,Platz,"Cityscape,Night,Streetlight,Carriage,Clocktower,Pedestrians,Rain,Shops,Reflections,Buildings","Stadtbild,Nacht,Straßenlicht,Kutsche,Uhrenturm,Fußgänger,Regen,Geschäfte,Spiegelungen,Gebäude",Stadtbild,Nacht,Straße,Kutsche,Uhrturm,Fußgänger,Regen,Handel,Reflexion,Gebäude,VII 59/841 x,VII_59_841_x.jpg,#142e06,Schwarz,46.88,Blacks,#355435,darkslategray,24.96,Grays,#2a3205,darkgreen,14.34,Greens,#403b05,darkolivegreen,11. Mrz,Greens,#6d4a07,saddlebrown,Jan 89,Browns,#ae6d12,darkgoldenrod,0.63,Browns,,,,,,,,,Melancholisch,Sad/Melancholic,Cityscape,Night,Streetlight,Carriage,Clocktower,Pedestrians,Rain,Shops,Reflections,Buildings,Impressionism,Realism,Öl auf Pappe,Der Alexanderplatz bei Nacht,"Langhammer, Carl",,,Platz,,,,,1895,,,,,
VII_60_110_x,1840,1840,"Berlin,Mühlen,Mühlendamm","Buildings,Sky,Clouds,River,Boats,Waterwheel,Chimney,Timbered,Roofs,Factory","Gebäude,Himmel,Wolken,Fluss,Boote,Wasserrad,Schornstein,Fachwerk,Dächer,Fabrik",Gebäude,Himmel,Wolke,Fluss,Boot,Wasserrad,Schornstein,Fachwerk,Dach,Fabrik,VII 60/110 x,VII_60_110_x.jpg,#73a7bd,Hellblau,23.22,Cyans,#0e3f21,darkgreen,18.36,Greens,#1a593c,darkslategray,13.72,Grays,#071510,black,Nov 35,Blacks,#9dbbc5,lightsteelblue,Sep 61,Cyans,#10809e,darkcyan,Jul 73,Greens,#4e7541,darkolivegreen,07. Feb,Greens,#9a9f5c,darkkhaki,Apr 67,Yellows,Melancholisch,Sad/Melancholic,Buildings,Sky,Clouds,River,Boats,Waterwheel,Chimney,Timbered,Roofs,Factory,Realism,Naturalism,Öl auf Leinwand,Die Königlichen Mühlen am Mühlendamm,"Zielke, Leopold",,,Berlin,,,,,,,,,,
VII_60_273_x,1850,1850,,"Landscape,Buildings,Trees,Sky,Foliage,Roofs,Clouds,Dusk,Urban,Courtyard","Landschaft,Gebäude,Bäume,Himmel,Laub,Dächer,Wolken,Dämmerung,Stadt,Innenhof",Landschaft,Gebäude,Baum,Himmel,Laubblatt,Dach,Wolke,Dämmerung,Stadt,Innenhof,VII 60/273 x,VII_60_273_x.jpg,#543f2b,Olivgrün,35.51,Greens,#bda794,rosybrown,25. Mai,Browns,#32200f,black,20.61,Blacks,#cab19c,tan,14.87,Browns,#876442,sienna,Mrz 95,Browns,,,,,,,,,,,,,Melancholisch,Sad/Melancholic,Landscape,Buildings,Trees,Sky,Foliage,Roofs,Clouds,Dusk,Urban,Courtyard,Impressionism,Realism,Öl auf Leinwand,Die Königliche Eisengießerei in der Invalidenstraße,"Pfannschmidt, Carl Gottfried",1840,1860,,,,,,,,,,,
GEM_64_3,1935,1940,Schule,"Cityscape,Buildings,Trees,Pedestrians,Autumn,Streets,Lampposts,Fences,Park,Avenue","Stadtbild,Gebäude,Bäume,Fußgänger,Herbst,Straßen,Laternenpfähle,Zäune,Park,Allee",Stadtbild,Gebäude,Baum,Fußgänger,Herbst,Straße,Laterne,Zaun,Park,Allee,GEM 64/3,GEM_64_3.jpg,#c4aa8d,Hellbraun,22.28,Browns,#866e5d,dimgray,18.51,Grays,#b7997a,rosybrown,13.39,Browns,#9e856a,gray,Dez 36,Grays,#dbcfba,lightgray,09. Aug,Grays,#b8755c,indianred,09. Feb,Reds,#987245,sienna,Aug 41,Browns,#b9935d,peru,Jun 96,Browns,Sehnsï¿½chtig,Reflective/Nostalgic,Cityscape,Buildings,Trees,Pedestrians,Autumn,Streets,Lampposts,Fences,Park,Avenue,Impressionism,Post-Impressionism,Öl auf Leinwand,Gemeindeschule in der Reichenberger Straße 44/45,"Hänsch, Johannes",1930,1941,Schule,,,,,,,,,,
GEM_66_21,1927,1930,,"Buildings,Urban,Architecture,Residential,Courtyard,Windows,Facade,Pathway,Greenery,Shadows","Gebäude,Stadt,Architektur,Wohnhaus,Hof,Fenster,Fassade,Weg,Grün,Schatten",Gebäude,Stadt,Architektur,Haus,Hof,Fenster,Fassade,Weg,Grünfläche,Schatten,GEM 66/21,GEM_66_21.jpg,#a17e53,Perubraun,21.46,Browns,#6a5849,dimgray,21.28,Grays,#53443a,darkolivegreen,Dez 69,Greens,#d0c9c4,lightgray,Nov 23,Grays,#896a49,sienna,Okt 88,Browns,#39302d,darkslategray,09. Nov,Grays,#bab2ac,darkgray,Aug 83,Grays,#9e8f85,rosybrown,Apr 51,Browns,Sehnsï¿½chtig,Reflective/Nostalgic,Buildings,Urban,Architecture,Residential,Courtyard,Windows,Facade,Pathway,Greenery,Shadows,Realism,Post-Impressionism,Öl auf Leinwand,Berliner Hinterhaus,"Wunderwald, Gustav",,,,,,,,1927,,,,,
GEM_66_22,1927,1930,,"Tugboats,River,Sailor,Dock,Trees,Chimney,Barrels,Autumn,Water,Ladder","Schlepper,Fluss,Segler,Dock,Bäume,Schornstein,Fässer,Herbst,Wasser,Leiter",Schlepper,Fluss,Segler <Vögel>,Dock,Baum,Schornstein,Fass,Herbst,Wasser,Leiter,GEM 66/22,GEM_66_22.jpg,#756760,Dunkelgrau,32.93,Grays,#887f7b,gray,20.87,Grays,#483b3f,darkslategray,16.77,Grays,#a69282,rosybrown,16.72,Browns,#b6a69b,darkgray,Sep 14,Grays,#e1d2c7,lightgray,Mrz 59,Grays,,,,,,,,,Sehnsï¿½chtig,Reflective/Nostalgic,Tugboats,River,Sailor,Dock,Trees,Chimney,Barrels,Autumn,Water,Ladder,Post-Impressionism,Precisionism,Öl auf Leinwand,Planet und Hella,"Wunderwald, Gustav",1920,1935,,,,,,,Magic Realism,,,,
GEM_66_3,1925,1930,Platz,"Tram,Automobile,Pedestrians,Tree,Building,Street,Crowd,Cityscape,Streetlight,Advertisement","Straßenbahn,Auto,Fußgänger,Baum,Gebäude,Straße,Menschenmenge,Stadtbild,Straßenlaterne,Werbung",Straßenbahn,Automobil,Fußgänger,Baum,Gebäude,Straße,Menschenmenge,Stadtbild,Laterne,Werbung,GEM 66/3,GEM_66_3.jpg,#7d7154,Dunkelgrau,29. Mrz,Grays,#403b32,darkslategray,16.14,Grays,#a09572,rosybrown,16. Mai,Browns,#8c8263,gray,13.27,Grays,#554f3f,darkolivegreen,Okt 55,Greens,#c8bba3,tan,Aug 69,Browns,#0b1416,black,Jun 26,Blacks,,,,,Sehnsï¿½chtig,Reflective/Nostalgic,Tram,Automobile,Pedestrians,Tree,Building,Street,Crowd,Cityscape,Streetlight,Advertisement,Impressionism,Post-Impressionism,Öl auf Leinwand,Leipziger Platz,"Antoine, Otto",,,Platz,,,,,1925,,,,,
GEM_67_2,1886,1890,,"Park,Trees,Building,People,Stroller,Benches,Fountain,Street,Dresses,Architecture","Park,Bäume,Gebäude,Menschen,Spaziergänger,Bänke,Springbrunnen,Straße,Kleider,Architektur",Park,Baum,Gebäude,Mensch,Spaziergänger,Bank <Möbel>,Springbrunnen,Straße,Kleid,Architektur,GEM 67/2,GEM_67_2.jpg,#57473a,Olivgrün,24. Mai,Greens,#ae8c6d,rosybrown,15. Sep,Browns,#e1cbb3,wheat,12. Apr,Browns,#43372e,darkslategray,Nov 68,Grays,#d3b99f,tan,11. Aug,Browns,#826752,dimgray,09. Mrz,Grays,#99795e,gray,09. Mrz,Grays,#2b241f,black,Jul 36,Blacks,Sehnsï¿½chtig,Reflective/Nostalgic,Park,Trees,Building,People,Stroller,Benches,Fountain,Street,Dresses,Architecture,Realism,Impressionism,Öl auf Holz,Der Wilhelmplatz im Frühling,"Jacob, Julius",,,,,,,,1886,,,,,
GEM_68_14,1927,1930,"Architektur,Nacht,Potsdamer Straße,Stadtbild,Straßenbahn,Straßenverkehr","Tram,Streetlight,Pedestrians,Buildings,Night,Urban,Intersection,Sidewalk,Shops,Traffic","Straßenbahn,Straßenlaterne,Fußgänger,Gebäude,Nacht,Stadt,Kreuzung,Bürgersteig,Geschäfte,Verkehr",Straßenbahn,Laterne,Fußgänger,Gebäude,Nacht,Stadt,Kreuzung,Gehweg,Handel,Verkehr,GEM 68/14,GEM_68_14.jpg,#33281f,Schiefergrau,37.29,Grays,#5c4329,darkolivegreen,32.23,Greens,#826137,sienna,15. Mai,Browns,#1d1b18,black,09. Jul,Blacks,#926509,olive,Mrz 76,Greens,#b49257,peru,Feb 59,Browns,,,,,,,,,Sehnsï¿½chtig,Reflective/Nostalgic,Tram,Streetlight,Pedestrians,Buildings,Night,Urban,Intersection,Sidewalk,Shops,Traffic,Impressionism,Post-Impressionism,Öl auf Leinwand,Potsdamer Straße Ecke Lützowstraße,"Hänsch, Johannes",1925,1930,Architektur,,,,,,,,,,
GEM_68_43,1866,1870,"Eisenbahn,Gemälde,Kreuzberg,Stadtansicht","Landscape,Village,Fields,Trees,Clouds,Train,Pathway,Houses,Fences,Smoke","Landschaft,Dorf,Felder,Bäume,Wolken,Zug,Weg,Häuser,Zäune,Rauch",Landschaft,Dorf,Feld,Baum,Wolke,Eisenbahn,Weg,Haus,Zaun,Rauch,GEM 68/43,GEM_68_43.jpg,#6c5229,Olivgrün,30.14,Greens,#cfd0c6,lightgray,Dez 89,Grays,#c3bdb0,silver,12. Mai,Grays,#b8a695,rosybrown,Okt 99,Browns,#312011,black,10. Feb,Blacks,#926d2e,sienna,Aug 48,Browns,#ddb692,burlywood,Jun 14,Browns,#b98c54,peru,Apr 98,Browns,Sehnsï¿½chtig,Reflective/Nostalgic,Landscape,Village,Fields,Trees,Clouds,Train,Pathway,Houses,Fences,Smoke,Realism,Impressionism,Öl auf Pappe,Kreuzberg mit der Anhaltischen Bahn,Monogrammist O K,,,Eisenbahn,,,,,,,,,,
GEM_69_26,1905,1910,,"Snow,Tram,Bicycle,Pedestrians,Carriage,Buildings,Street,Winter,Cart,Hats","Schnee,Straßenbahn,Fahrrad,Fußgänger,Kutsche,Gebäude,Straße,Winter,Wagen,Hüte",Schnee,Straßenbahn,Fahrrad,Fußgänger,Kutsche,Gebäude,Straße,Winter,Wagen,Hut,GEM 69/26,GEM_69_26.jpg,#bbac82,Khaki,31.36,Yellows,#c8bea7,silver,Dez 46,Grays,#99967a,gray,Dez 24,Grays,#3d3928,darkslategray,Sep 88,Grays,#7d7a62,dimgray,Sep 83,Grays,#575442,darkolivegreen,Sep 46,Greens,#161814,black,07. Mrz,Blacks,#7d602f,sienna,Mai 94,Browns,Sehnsï¿½chtig,Reflective/Nostalgic,Snow,Tram,Bicycle,Pedestrians,Carriage,Buildings,Street,Winter,Cart,Hats,Impressionism,Post-Impressionism,Öl auf Pappe,Berliner Straße im Schnee mit Litfasssäule,"Skarbina, Franz",1900,1910,,#ca7d15,darkgoldenrod,Jan 54,Browns,,,,,,
GEM_72_16,1925,1930,"Brücke,Dampfer,Jannowitzbrücke,Spree,Stadtbild","Bridge,River,Boat,Spectators,Steam,Buildings,Ducks,Swans,Railings,Smoke","Brücke,Fluss,Boot,Zuschauer,Dampf,Gebäude,Enten,Schwäne,Geländer,Rauch",Brücke,Fluss,Boot,Zuschauer,Dampf,Gebäude,Enten <Unterfamilie>,Schwan,Geländer,Rauch,GEM 72/16,GEM_72_16.jpg,#a1b2b8,Dunkelgrau,33.57,Grays,#2c3136,darkslategray,21.59,Grays,#565d5f,dimgray,19.85,Grays,#1a1f23,black,Okt 44,Blacks,#898a89,gray,Jul 32,Grays,#c3ccca,silver,Mai 13,Grays,#bfa58e,rosybrown,02. Nov,Browns,,,,,Sehnsï¿½chtig,Reflective/Nostalgic,Bridge,River,Boat,Spectators,Steam,Buildings,Ducks,Swans,Railings,Smoke,Impressionism,Realism,Öl auf Leinwand,Blick auf die Jannowitzbrücke,"Paeschke, Paul",,,Brücke,,,,,,,,,,
GEM_73_13,1894,1890,,"Marketplace,Architecture,Sculpture,Columns,Carriages,Merchants,Crowd,Rooftops,Tents,Pedestrians","Marktplatz,Architektur,Skulptur,Säulen,Kutschen,Händler,Menschenmenge,Dächer,Zelte,Fußgänger",Marktplatz,Architektur,Plastik,Säule,Kutsche,Händler,Menschenmenge,Dach,Zelt,Fußgänger,GEM 73/13,GEM_73_13.jpg,#b5ae94,Dunkelgrau,19.19,Grays,#9e9782,rosybrown,15.66,Browns,#dcddd5,gainsboro,13.71,Grays,#868372,gray,13.29,Grays,#c8cbc6,silver,Okt 51,Grays,#6b6a5d,dimgray,Okt 18,Grays,#535043,darkolivegreen,Sep 47,Greens,#322f2a,darkslategray,05. Feb,Grays,Sehnsï¿½chtig,Reflective/Nostalgic,Marketplace,Architecture,Sculpture,Columns,Carriages,Merchants,Crowd,Rooftops,Tents,Pedestrians,Realism,Romanticism,Öl auf Leinwand,Gendarmenmarkt,"Soehlke, Gerhard",1888,1900,,#8b6c45,sienna,Feb 98,Browns,,,,,,
GEM_74_10,1872,1870,"Bäume,Denkmal,General,Militär,Stadtbild,Wilhelmplatz","Statue,People,Trees,Park,Cobblestone,Fence,Architecture,Leisure,Outdoors,Daytime","Statue,Menschen,Bäume,Park,Kopfsteinpflaster,Zaun,Architektur,Freizeit,Draußen,Tagsüber",Statue,Mensch,Baum,Park,Pflaster,Zaun,Architektur,Freizeit,Außenanlage,Tag,GEM 74/10,GEM_74_10.jpg,#827962,Dunkelgrau,28. Mai,Grays,#554736,darkolivegreen,12. Jan,Greens,#9c9072,gray,Okt 76,Grays,#312b26,darkslategray,10. Dez,Grays,#bdac7b,darkkhaki,Sep 79,Yellows,#e9e2d2,gainsboro,08. Mrz,Grays,#d4c49f,tan,Jul 16,Browns,#866439,sienna,07. Feb,Browns,Sehnsï¿½chtig,Reflective/Nostalgic,Statue,People,Trees,Park,Cobblestone,Fence,Architecture,Leisure,Outdoors,Daytime,Impressionism,Realism,Öl auf Leinwand,Das Standbild des Generals von Seydlitz auf dem Wilhelmplatz,"Lulvès, Jean",,,Bäume,,,,,,,,,,
GEM_74_4,1907,1910,Museum,"River,Bridge,Building,Dome,Reflection,Water,Trees,Cityscape,Skyline,Sunset","Fluss,Brücke,Gebäude,Kuppel,Reflexion,Wasser,Bäume,Stadtbild,Skyline,Sonnenuntergang",Fluss,Brücke,Gebäude,Kuppel,Spiegelung,Wasser,Baum,Stadtbild,Skyline,Sonnenuntergang <Motiv>,GEM 74/4,GEM_74_4.jpg,#4c3415,Olivgrün,32.45,Greens,#3b1c0b,black,19,Blacks,#9aa291,darkseagreen,14.33,Greens,#b1b69d,darkgray,Dez 42,Grays,#8e8f75,gray,09. Jun,Grays,#79765c,dimgray,Aug 88,Grays,#8e7541,sienna,Mrz 85,Browns,,,,,Sehnsï¿½chtig,Reflective/Nostalgic,River,Bridge,Building,Dome,Reflection,Water,Trees,Cityscape,Skyline,Sunset,Impressionism,Realism,Öl auf Leinwand,Kaiser-Friedrich-Museum,"Fleischer, Max",1905,1910,Museum,,,,,,,,,,
GEM_75_19,1911,1910,"Markt,Platz,Weihnachten","Market,Square,Crowd,Trees,Statues,Buildings,Stalls,People,Cityscape,Gathering","Markt,Platz,Menschenmenge,Bäume,Statuen,Gebäude,Stände,Menschen,Stadtbild,Versammlung",Markt,Platz,Menschenmenge,Baum,Statue,Gebäude,Stände,Mensch,Stadtbild,Versammlung,GEM 75/19,GEM_75_19.jpg,#717870,Dunkelgrau,29.65,Grays,#a19bab,darkgray,14.87,Grays,#bfb4b7,silver,14.65,Grays,#7c7f98,lightslategray,Okt 16,Grays,#d8d0cf,lightgray,10. Sep,Grays,#9a8c8a,gray,Sep 17,Grays,#3a3c48,darkslategray,07. Apr,Grays,#1a1b2b,black,04. Feb,Blacks,Sehnsï¿½chtig,Reflective/Nostalgic,Market,Square,Crowd,Trees,Statues,Buildings,Stalls,People,Cityscape,Gathering,Impressionism,Post-Impressionism,Öl auf Leinwand,Weihnachtsmarkt auf dem Belle-Alliance-Platz,"Paeschke, Paul",,,Markt,,,,,,,,,,
GEM_75_7,1912,1910,Platz,"Cityscape,Street,Tram,Carriage,Kiosk,Pedestrians,Buildings,Advertising,Rain,Umbrella","Stadtbild,Straße,Straßenbahn,Kutsche,Kiosk,Fußgänger,Gebäude,Werbung,Regen,Regenschirm",Stadtbild,Straße,Straßenbahn,Kutsche,Kiosk,Fußgänger,Gebäude,Werbung,Regen,Regenschirm,GEM 75/7,GEM_75_7.jpg,#5a5354,Dunkelgrau,37.38,Grays,#403a36,darkslategray,14.87,Grays,#614f37,darkolivegreen,10. Apr,Greens,#c6c5cd,silver,Sep 25,Grays,#231f20,black,Aug 63,Blacks,#898086,gray,Aug 62,Grays,#aa8157,peru,06. Mrz,Browns,#b3a9a7,darkgray,Apr 81,Grays,Sehnsï¿½chtig,Reflective/Nostalgic,Cityscape,Street,Tram,Carriage,Kiosk,Pedestrians,Buildings,Advertising,Rain,Umbrella,Impressionism,Post-Impressionism,Öl auf Leinwand,Der Spittelmarkt,"Hoeniger, Paul",,,Platz,,,,,1912,,,,,
GEM_78_5,1875,1880,"Brücke,Schloß","Canal,River,Boat,Bridge,Buildings,Trees,Waterfront,Rowboat,Swans,Architecture","Kanal,Fluss,Boot,Brücke,Gebäude,Bäume,Wasserfront,Ruderboot,Schwäne,Architektur",Kanal,Fluss,Boot,Brücke,Gebäude,Baum,Küste,Ruderboot,Schwan,Architektur,GEM 78/5,GEM_78_5.jpg,#2e3132,Schiefergrau,63.23,Grays,#675648,darkolivegreen,Sep 17,Greens,#c9b5a4,tan,Jul 15,Browns,#d8d1c7,lightgray,06. Jul,Grays,#7e6955,dimgray,Jun 56,Grays,#9b8069,gray,Mrz 72,Grays,#bba18a,rosybrown,Mrz 46,Browns,,,,,Sehnsï¿½chtig,Reflective/Nostalgic,Canal,River,Boat,Bridge,Buildings,Trees,Waterfront,Rowboat,Swans,Architecture,Impressionism,Realism,Öl auf Leinwand,Blick auf die Lange Brücke und das Schloß,"Jacob, Julius",,,Brücke,,,,,,,,,,
GEM_80_32,1894,1890,Tor,"Streetscape,Horse,Carriage,Tram,Pedestrians,Buildings,Evening,Lamps,Sky,Moon","Straßenbild,Pferd,Kutsche,Straßenbahn,Fußgänger,Gebäude,Abend,Lampen,Himmel,Mond",Straße,Pferd,Kutsche,Straßenbahn,Fußgänger,Gebäude,Abend,Lampe,Himmel,Mond <Motiv>,GEM 80/32,GEM_80_32.jpg,#ded6a2,Blassgelb,20.45,Yellows,#282622,darkslategray,16.62,Grays,#5a5644,darkolivegreen,13.34,Greens,#b3b8a0,darkgray,10. Mai,Grays,#8d8a73,gray,Okt 44,Grays,#c8c69f,tan,Sep 95,Browns,#73705a,dimgray,Sep 67,Grays,#a59e7f,rosybrown,09. Mrz,Browns,Sehnsï¿½chtig,Reflective/Nostalgic,Streetscape,Horse,Carriage,Tram,Pedestrians,Buildings,Evening,Lamps,Sky,Moon,Impressionism,Realism,Öl auf Leinwand,Am Schlesischen Tor,,,,,,,,,,,,,,
GEM_81_1,1855,1860,"Denkmal,Friedrich II.,Humboldt-Universität,Unter den Linden","Architecture,Sculpture,Plaza,Equestrian,Pedestrian,Columns,Statues,Garden,Foliage,Building","Architektur,Skulptur,Plaza,Reiter,Fußgänger,Säulen,Statuen,Garten,Laub,Gebäude",Architektur,Plastik,Platz,Reiter,Fußgänger,Säule,Statue,Garten,Laubblatt,Gebäude,GEM 81/1,GEM_81_1.jpg,#251f11,Schwarz,31.31,Blacks,#9f9197,rosybrown,27.54,Browns,#3d2b14,darkslategray,Aug 97,Grays,#89572a,sienna,Aug 79,Browns,#6f471f,saddlebrown,07. Sep,Browns,#877c83,gray,Jul 85,Grays,#553819,darkolivegreen,Jul 65,Greens,,,,,Sehnsï¿½chtig,Reflective/Nostalgic,Architecture,Sculpture,Plaza,Equestrian,Pedestrian,Columns,Statues,Garden,Foliage,Building,Neoclassicism,Realism,Öl auf Leinwand,Ansicht auf das Denkmal Friedrichs des Großen nebst Umgebung,"Brücke, Johann Wilhelm",,,Denkmal,,,,,,,,,,
GEM_81_12,1785,1790,,"Palace,Statues,Carriage,Bridge,Canal,Trees,Clouds,Pedestrians,Columns,Railings","Palast,Statuen,Kutsche,Brücke,Kanal,Bäume,Wolken,Fußgänger,Säulen,Geländer",Palast,Statue,Kutsche,Brücke,Kanal,Baum,Wolke,Fußgänger,Säule,Geländer,GEM 81/12,GEM_81_12.jpg,#c2b99a,Hellbraun,32.68,Browns,#5d462e,darkolivegreen,17.75,Greens,#291f14,black,Sep 79,Blacks,#443220,darkslategray,09. Apr,Grays,#b09f83,rosybrown,08. Jun,Browns,#8d6f4c,sienna,Aug 41,Browns,#a4835a,peru,Jul 98,Browns,#bd9969,darkkhaki,Mai 39,Yellows,Sehnsï¿½chtig,Reflective/Nostalgic,Palace,Statues,Carriage,Bridge,Canal,Trees,Clouds,Pedestrians,Columns,Railings,Realism,Classicism,Öl auf Leinwand,Ansicht des Zeughauses und der Opernbrücke,"Fechhelm, Carl Traugott (Umkreis)",1780,1790,,,,,,,,,,,
GEM_81_8,1901,1900,,"Courtyard,Buildings,Arches,Chickens,People,Basket,Cobblestone,Windows,Laundry,Conversation","Hof,Gebäude,Bögen,Hühner,Menschen,Korb,Kopfsteinpflaster,Fenster,Wäscherei,Konversation",Hof,Gebäude,Bogen <Architektur>,Huhn,Mensch,Korb,Pflasterstein,Fenster,Wäscherei,Konversation,GEM 81/8,GEM_81_8.jpg,#2b231d,Schwarz,30.84,Blacks,#584734,darkolivegreen,21.79,Greens,#403428,darkslategray,13. Nov,Grays,#e7e5ca,gainsboro,Sep 28,Grays,#836d58,dimgray,Sep 13,Grays,#d5ccaf,silver,Jun 38,Grays,#9c876d,gray,Mai 41,Grays,#b6a793,rosybrown,04. Jul,Browns,Sehnsï¿½chtig,Reflective/Nostalgic,Courtyard,Buildings,Arches,Chickens,People,Basket,Cobblestone,Windows,Laundry,Conversation,Realism,Romanticism,Öl auf Leinwand,Der Krögel,"Adam, Michael",,,,,,,,1901,,,,,
GEM_86_54,1948,1950,"Architektur,Künstlerin,Nachkriegszeit,Ruine,Stadtbild","Carousel,Evening,Cityscape,Sunset,Recreation,Figures,Skyline,Leisure,Horses,Crowd","Karussell,Abend,Stadtbild,Sonnenuntergang,Erholung,Figuren,Skyline,Freizeit,Pferde,Menschenmenge",Karussell,Abend,Stadtbild,Sonnenuntergang <Motiv>,Erholung,Chladni-Figuren,Skyline,Freizeit,Pferde <Familie>,Menschenmenge,GEM 86/54,GEM_86_54.jpg,#3e3730,Schiefergrau,25.83,Grays,#877b5f,gray,16. Feb,Grays,#624c34,darkolivegreen,14. Jun,Greens,#686255,dimgray,Okt 65,Grays,#23211f,black,Sep 61,Blacks,#cc9f5e,darkkhaki,09. Jun,Yellows,#c5b086,tan,Aug 35,Browns,#906435,sienna,Jun 25,Browns,Sehnsï¿½chtig,Reflective/Nostalgic,Carousel,Evening,Cityscape,Sunset,Recreation,Figures,Skyline,Leisure,Horses,Crowd,Impressionism,Post-Impressionism,Öl auf Leinwand,Ruinen am Lehniner Platz,"Heckert-Fechner, Maria",,,Architektur,,,,,,,,,,
GEM_86_6,1907,1910,,"Painting,River,Bridge,Dome,Columns,Boat,Water,Reflection,Sky,Clouds","Gemälde,Fluss,Brücke,Kuppel,Säulen,Boot,Wasser,Spiegelung,Himmel,Wolken",Gemälde,Fluss,Brücke,Kuppel,Säule,Boot,Wasser,Spiegelung,Himmel,Wolke,GEM 86/6,GEM_86_6.jpg,#918e81,Grau,19.17,Grays,#5d5849,darkolivegreen,18.61,Greens,#ada38f,rosybrown,16.21,Browns,#c8b89b,tan,13. Dez,Browns,#7d7262,dimgray,13. Apr,Grays,#83653e,sienna,Aug 93,Browns,#3e311f,darkslategray,Jun 45,Grays,#e7d2b5,wheat,Apr 46,Browns,Sehnsï¿½chtig,Reflective/Nostalgic,Painting,River,Bridge,Dome,Columns,Boat,Water,Reflection,Sky,Clouds,Impressionism,Post-Impressionism,Öl auf Leinwand,Kaiser-Friedrich-Museum,"Fleischer, Max",,,,,,,,1907,,,,,
GEM_87_2,1849,1850,"Mühlengraben,Schloss","Canal,Cathedral,Boats,Alley,Laundry,Stairs,Sunlight,Water,Roofs,Dome","Kanal,Kathedrale,Boote,Gasse,Wäscherei,Treppen,Sonnenlicht,Wasser,Dächer,Kuppel",Kanal,Dom,Boot,Gasse,Wäscherei,Treppe,Sonne,Wasser,Dach,Kuppel,GEM 87/2,GEM_87_2.jpg,#251207,Schwarz,33.06,Blacks,#5f381f,saddlebrown,17.72,Browns,#f6e7d5,antiquewhite,15. Mrz,Whites,#e2d6c8,lightgray,Nov 35,Grays,#d1baaa,silver,Nov 29,Grays,#9c6840,sienna,Mai 19,Browns,#c0885a,peru,Mrz 84,Browns,#e7b683,burlywood,Feb 52,Browns,Sehnsï¿½chtig,Reflective/Nostalgic,Canal,Cathedral,Boats,Alley,Laundry,Stairs,Sunlight,Water,Roofs,Dome,Romanticism,Realism,Öl auf Leinwand,Blick über den Mühlengraben auf die Schlosskuppel,"Schwendy, Albert",,,Mühlengraben,,,,,,,,,,
GEM_87_8,1892,1890,Schloss,"Architecture,Cathedral,Plaza,Horse,Carriage,Dome,Cobblestone,Pedestrian,Streetlamp,Roof","Architektur,Kathedrale,Platz,Pferd,Kutsche,Kuppel,Kopfsteinpflaster,Fußgänger,Straßenlaterne,Dach",Architektur,Dom,Platz,Pferd,Kutsche,Kuppel,Pflasterstein,Fußgänger,Laterne,Dach,GEM 87/8,GEM_87_8.jpg,#bac3c1,Silber,31. Aug,Grays,#6d573f,darkolivegreen,16.68,Greens,#d1cec0,lightgray,Nov 33,Grays,#856a4b,dimgray,Sep 76,Grays,#ab9674,rosybrown,09. Apr,Browns,#928063,gray,Jul 53,Grays,#aa8152,peru,Jun 19,Browns,#c1af8c,tan,Apr 31,Browns,Sehnsï¿½chtig,Reflective/Nostalgic,Architecture,Cathedral,Plaza,Horse,Carriage,Dome,Cobblestone,Pedestrian,Streetlamp,Roof,Realism,Romanticism,Öl auf Leinwand,Blick von der Schleusenbrücke zum Berliner Schloß,"Kiekebusch, Albert",,,Schloss,#3b2f21,darkslategray,04. Jul,Grays,1892,,,,,
GEM_88_14,1830,1830,"Genre,Landschaft,Schnee,Winter","Winter,Snowman,Children,Snow,Village,House,Trees,Windmill,River,Sleigh","Winter,Schneemann,Kinder,Schnee,Dorf,Haus,Bäume,Windmühle,Fluss,Schlitten",Winter,Schneemann,Kind,Schnee,Dorf,Haus,Baum,Windmühle,Fluss,Schlitten,GEM 88/14,GEM_88_14.jpg,#e7ddf1,Lavendel,27.91,Purples,#f5e8e5,linen,15. Mai,Whites,#dcc6d1,thistle,Sep 86,Purples,#1b100d,black,Aug 44,Blacks,#39271d,darkslategray,08. Feb,Grays,#a08e9a,rosybrown,Jun 77,Browns,#543f34,darkolivegreen,Jun 42,Greens,#bcaab3,darkgray,06. Nov,Grays,Sehnsï¿½chtig,Reflective/Nostalgic,Winter,Snowman,Children,Snow,Village,House,Trees,Windmill,River,Sleigh,Realism,Romanticism,Öl auf Leinwand,Berlinische Winterlandschaft,"Remmers, J.",,,Genre,,,,,,,,,,
GEM_88_7,1891,1890,,"River,Bridge,Buildings,Smokestacks,Boats,People,Lamps,Cobbles,Trees,Clouds","Fluss,Brücke,Gebäude,Schornsteine,Boote,Menschen,Lampen,Kopfsteinpflaster,Bäume,Wolken",Fluss,Brücke,Gebäude,Schornstein,Boot,Mensch,Lampe,Pflasterstein,Baum,Wolke,GEM 88/7,GEM_88_7.jpg,#4f4236,Olivgrün,23.79,Greens,#847968,gray,22.87,Grays,#3a3028,darkslategray,Dez 25,Grays,#261f1b,black,Nov 22,Blacks,#a9997f,rosybrown,11. Feb,Browns,#746656,dimgray,Okt 34,Grays,#bca990,tan,Apr 79,Browns,#895339,sienna,Mrz 54,Browns,Sehnsï¿½chtig,Reflective/Nostalgic,River,Bridge,Buildings,Smokestacks,Boats,People,Lamps,Cobbles,Trees,Clouds,Impressionism,Realism,Öl auf Leinwand,Blick auf die Jannowitzbrücke,"Jacob, Julius",,,,,,,,1891,,,,,
GEM_88_9,1905,1910,,"Autumn,Park,Sculpture,Children,Trees,Pathway,Leaves,Statue,Flowerbed,Foliage","Herbst,Park,Skulptur,Kinder,Bäume,Weg,Blätter,Statue,Blumenbeet,Laub",Herbst,Park,Plastik,Kind,Baum,Weg,Blatt,Statue,Blumenbeet,Laubblatt,GEM 88/9,GEM_88_9.jpg,#65585d,Dunkelgrau,57.99,Grays,#7c7176,gray,15.33,Grays,#b0a2a0,darkgray,15.21,Grays,#a19494,rosybrown,Nov 48,Browns,,,,,,,,,,,,,,,,,Sehnsï¿½chtig,Reflective/Nostalgic,Autumn,Park,Sculpture,Children,Trees,Pathway,Leaves,Statue,Flowerbed,Foliage,Impressionism,Post-Impressionism,Öl auf Leinwand,Parklandschaft in Paris,"Klausner-Speer, Judith",1900,1910,,,,,,,,,,,
GEM_89_24,1860,1860,Künstlerin,"Architecture,Building,Residence,Streetscape,Tree,Fence,Facade,Urban,Windows,Roof","Architektur,Gebäude,Wohnhaus,Straßenbild,Baum,Zaun,Fassade,Stadt,Fenster,Dach",Architektur,Gebäude,Haus,Straße,Baum,Zaun,Fassade,Stadt,Fenster,Dach,GEM 89/24,GEM_89_24.jpg,#c0905f,Perubraun,21.52,Browns,#a25f27,sienna,14. Apr,Browns,#8e8f79,gray,13.93,Grays,#6e4820,saddlebrown,Nov 64,Browns,#dca977,burlywood,Okt 87,Browns,#aa9e83,rosybrown,Okt 66,Browns,#ea9446,coral,Sep 42,Oranges,#3f3718,darkolivegreen,Jul 93,Greens,Sehnsï¿½chtig,Reflective/Nostalgic,Architecture,Building,Residence,Streetscape,Tree,Fence,Facade,Urban,Windows,Roof,Realism,Romanticism,Öl auf Leinwand,Ansicht des Wohnhauses Bramer,"Schultz, Maria von",1850,1870,Künstlerin,,,,,,,,,,
GEM_89_25,1860,1860,Künstlerin,"Mansion,Trees,Pathway,Garden,Staircase,Symmetry,Foliage,Estate,Bridge,Lawn","Herrenhaus,Bäume,Weg,Garten,Treppe,Symmetrie,Laub,Anwesen,Brücke,Wiese",Herrenhaus,Baum,Weg,Garten,Treppe,Symmetrie,Laubblatt,Grundstück,Brücke,Wiese,GEM 89/25,GEM_89_25.jpg,#4c4735,Olivgrün,31.19,Greens,#39382b,darkslategray,16.55,Grays,#7b6649,dimgray,15.16,Grays,#26261e,black,Okt 66,Blacks,#918c7b,gray,Okt 57,Grays,#a29d8d,rosybrown,Jul 44,Browns,#a88458,peru,Apr 36,Browns,#cca67f,tan,04. Jun,Browns,Sehnsï¿½chtig,Reflective/Nostalgic,Mansion,Trees,Pathway,Garden,Staircase,Symmetry,Foliage,Estate,Bridge,Lawn,Realism,Naive Art,Öl auf Leinwand,Gartenseite der Häuser,"Schultz, Maria von",1850,1870,Künstlerin,,,,,,,,,,
GS_07_35_GM,1847,1850,"Berlin,Borsig,Industrie,Lokomotive,Pferdegespann,Schornstein,Stadtbild,Uhr","Factory,Chimney,Smoke,Horses,Carriage,Workers,Clocktower,Lumber,Cart,Industry","Fabrik,Schornstein,Rauch,Pferde,Kutsche,Arbeiter,Uhrturm,Holz,Wagen,Industrie",Fabrik,Schornstein,Rauch,Pferde <Familie>,Kutsche,Arbeiter,Uhrturm,Holz,Wagen,Industrie,GS 07/35 GM,GS_07_35_GM.jpg,#84532f,Siena,18.53,Browns,#efe3d7,antiquewhite,13.58,Whites,#d6cbc7,lightgray,Dez 86,Grays,#c08c66,rosybrown,Okt 53,Browns,#eac9a5,wheat,10. Jun,Browns,#5f3c1c,saddlebrown,Sep 78,Browns,#d3a987,tan,Sep 48,Browns,#b2b4bd,silver,Jul 78,Grays,Sehnsï¿½chtig,Reflective/Nostalgic,Factory,Chimney,Smoke,Horses,Carriage,Workers,Clocktower,Lumber,Cart,Industry,Realism,Romanticism,Öl auf Leinwand,Borsig's Maschinenbau-Anstalt zu Berlin,"Biermann, Carl Eduard",,,Berlin,,,,,,,,,,
GS_08_2_GM,1890,1890,"Architektur,Berlin-Tiergarten,Kutsche,Stadtbild,Straßenansicht","Mansion,Carriage,Trees,Fence,Women,Child,Horse,Windows,Pathway,Gentleman","Herrenhaus,Kutsche,Bäume,Zaun,Frauen,Kind,Pferd,Fenster,Weg,Gentleman",Herrenhaus,Kutsche,Baum,Zaun,Frau,Kind,Pferd,Fenster,Weg,Gentleman,GS 08/2 GM,GS_08_2_GM.jpg,#3e362a,Schiefergrau,37.39,Grays,#504435,darkolivegreen,25.27,Greens,#1e1912,black,Okt 77,Blacks,#b5997b,rosybrown,07. Apr,Browns,#7f6b56,dimgray,07. Jan,Grays,#9a846b,gray,Jun 77,Grays,#d6b083,tan,Mrz 72,Browns,#dfccac,wheat,Jan 58,Browns,Sehnsï¿½chtig,Reflective/Nostalgic,Mansion,Carriage,Trees,Fence,Women,Child,Horse,Windows,Pathway,Gentleman,Realism,Impressionism,Öl auf Leinwand,Ansicht des Hauses Tiergartenstraße Nr. 10 in Berlin,unbekannter Künstler,1880,1900,Architektur,,,,,,,,,,
SM_2011-2687,1933,1930,,"Cityscape,River,Bridge,Church,Skyline,Hills,Clouds,Forest,District,Waterfront","Stadtbild,Fluss,Brücke,Kirche,Skyline,Hügel,Wolken,Wald,Bezirk,Wasserfront",Stadtbild,Fluss,Brücke,Kirche,Skyline,Hügel,Wolke,Wald,Bezirk,Küste,SM 2011-2687,SM_2011-2687.jpg,#b5bdb6,Silber,27.19,Grays,#56585a,dimgray,26.65,Grays,#464140,darkslategray,Okt 78,Grays,#95a6ac,darkgray,10. Jul,Grays,#798c97,lightslategray,Aug 94,Grays,#80756a,gray,Jun 47,Grays,#7e4b49,sienna,Apr 87,Browns,#a59a89,rosybrown,Apr 41,Browns,Sehnsï¿½chtig,Reflective/Nostalgic,Cityscape,River,Bridge,Church,Skyline,Hills,Clouds,Forest,District,Waterfront,Impressionism,Expressionism,Öl auf Leinwand,Potsdam mit großer Brücke,,,,,,,,,,,,,,
SM_2012-0158,1778,1780,"Gebäude,Kirche,Mauerstraße","Cathedral,Street,Strolling,Architecture,Pedestrians,Buildings,Columns,Sky,Shadows,Urban","Kathedrale,Straße,Flanieren,Architektur,Fußgänger,Gebäude,Säulen,Himmel,Schatten,Stadt",Dom,Straße,Flaneur,Architektur,Fußgänger,Gebäude,Säule,Himmel,Schatten,Stadt,SM 2012-0158,SM_2012-0158.jpg,#bcac90,Hellbraun,23.49,Browns,#a9a38b,rosybrown,18.48,Browns,#573e26,darkolivegreen,18.35,Greens,#422e1c,darkslategray,17.46,Grays,#2b1f13,black,10. Sep,Blacks,#949682,gray,Jun 36,Grays,#936e4e,sienna,Mai 76,Browns,,,,,Sehnsï¿½chtig,Reflective/Nostalgic,Cathedral,Street,Strolling,Architecture,Pedestrians,Buildings,Columns,Sky,Shadows,Urban,Realism,Romanticism,Öl auf Leinwand,Ansicht eines Teils der Mauerstraße mit der Dreifaltigkeitskirche,"Rosenberg, Johann Georg",1776,1780,Gebäude,,,,,,,,,,
SM_2018-09251,1895,1900,,"Manor,Landscape,Trees,Garden,Architecture,Pathway,Stairs,Foliage,Fence,Rooftop","Herrenhaus,Landschaft,Bäume,Garten,Architektur,Weg,Treppe,Laub,Zaun,Dach",Herrenhaus,Landschaft,Baum,Garten,Architektur,Weg,Treppe,Laubblatt,Zaun,Dach,SM 2018-09251,SM_2018-09251.jpg,#dfe0df,Hellgrau,26.59,Grays,#60685e,dimgray,21.23,Grays,#4b564f,darkslategray,16.77,Grays,#8b8d7d,gray,15. Jul,Grays,#a49d8f,rosybrown,Jul 36,Browns,#d1cdc6,lightgray,Jun 83,Grays,#bcb5a8,darkgray,Jun 13,Grays,,,,,Sehnsï¿½chtig,Reflective/Nostalgic,Manor,Landscape,Trees,Garden,Architecture,Pathway,Stairs,Foliage,Fence,Rooftop,Realism,Impressionism,Öl auf Leinwand,Sagan,unbekannter Künstler,,,,,,,,1895,,,,,
VII_59_235_x,1929,1930,,"Street,Evening,Pedestrians,Buildings,Lamp,Rain,Reflection,Canal,Urban,Conversation","Straße,Abend,Fußgänger,Gebäude,Lampe,Regen,Reflektion,Kanal,Stadt,Konversation",Straße,Abend,Fußgänger,Gebäude,Lampe <Optik>,Regen,Spiegelung,Kanal,Stadt,Konversation,VII 59/235 x,VII_59_235_x.jpg,#323232,Schiefergrau,29.72,Grays,#777060,dimgray,Dez 43,Grays,#939187,gray,Dez 41,Grays,#141217,black,Nov 93,Blacks,#60503b,darkolivegreen,Okt 53,Greens,#54798a,slategray,Jun 89,Grays,#bbbead,silver,Jun 18,Grays,#aa8046,peru,Mai 68,Browns,Sehnsï¿½chtig,Reflective/Nostalgic,Street,Evening,Pedestrians,Buildings,Lamp,Rain,Reflection,Canal,Urban,Conversation,Impressionism,Post-Impressionism,Öl auf Leinwand,Großstadtwinkel,,,,,,,,,,,,,,
VII_59_237_x,1895,1900,,"Evening,Restaurant,Sailors,Lamppost,Conversation,Women,Men,Reading,Garden,Night","Abend,Restaurant,Segler,Laternenpfahl,Gespräch,Frauen,Männer,Lesen,Garten,Nacht",Abend,Restaurant,Segler <Vögel>,Laterne,Gespräch,Frau,Mann,Lesen,Garten,Nacht,VII 59/237 x,VII_59_237_x.jpg,#4e3b2b,Olivgrün,28.13,Greens,#aca9c0,darkgray,23. Mai,Grays,#161510,black,16.18,Blacks,#292b21,darkslategray,15.28,Grays,#c4c2d2,silver,Mai 58,Grays,#847165,dimgray,Apr 98,Grays,#b99168,darkkhaki,Mrz 62,Yellows,#985f31,sienna,Mrz 17,Browns,Sehnsï¿½chtig,Reflective/Nostalgic,Evening,Restaurant,Sailors,Lamppost,Conversation,Women,Men,Reading,Garden,Night,Impressionism,Realism,Öl auf Leinwand,Heimkehr - Sonntagnachmittag,"Baluschek, Hans",,,,,,,,1895,,,,,
VII_59_259_x,1925,1930,,"Workshop,Flag,Clouds,Men,Tools,Chair,Fence,Overalls,Watering-can,Plants","Werkstatt,Flagge,Wolken,Männer,Werkzeuge,Stuhl,Zaun,Overall,Gießkanne,Pflanzen",Werkstatt,Flagge,Wolke,Mann,Werkzeug,Stuhl,Zaun,Overall,Gießkanne,Pflanzen,VII 59/259 x,VII_59_259_x.jpg,#292728,Schiefergrau,27. Apr,Grays,#595451,dimgray,22.95,Grays,#a49c9b,darkgray,15.67,Grays,#131111,black,13.36,Blacks,#8e847b,gray,Okt 18,Grays,#838ea1,lightslategray,Jun 67,Grays,#c1bbb6,silver,04. Dez,Grays,,,,,Sehnsï¿½chtig,Reflective/Nostalgic,Workshop,Flag,Clouds,Men,Tools,Chair,Fence,Overalls,Watering-can,Plants,Realism,Impressionism,Öl auf Leinwand,Sonnenidyll,"Baluschek, Hans",,,,,,,,1925,,,,,
VII_59_261_x,1932,1930,,"Trees,River,People,Bridge,Landscape,Walking,Clouds,Forest,Observing,Gathering","Bäume,Fluss,Menschen,Brücke,Landschaft,Wandern,Wolken,Wald,Beobachten,Versammeln",Baum,Fluss,Mensch,Brücke,Landschaft,Wandern,Wolke,Wald,Beobachtung,Versammlung,VII 59/261 x,VII_59_261_x.jpg,#686056,Dunkelgrau,27.82,Grays,#534d46,darkslategray,21.88,Grays,#cfbfb0,silver,Nov 72,Grays,#9b9076,gray,Sep 71,Grays,#ddd2bf,lightgray,Sep 33,Grays,#baa58b,rosybrown,Sep 27,Browns,#a9b5b7,darkgray,Mai 44,Grays,#a47953,peru,Apr 83,Browns,Sehnsï¿½chtig,Reflective/Nostalgic,Trees,River,People,Bridge,Landscape,Walking,Clouds,Forest,Observing,Gathering,Impressionism,Realism,Öl auf Leinwand,Sonntagsparade,"Baluschek, Hans",,,,,,,,1932,,,,,
VII_59_267_x,1927,1930,Straßen/Plätze,"Townscape,Cobblestone,Pedestrians,Buildings,Trees,Gate,Staircase,Signage,Streetscape,Rooftops","Stadtbild,Kopfsteinpflaster,Fußgänger,Gebäude,Bäume,Tor,Treppe,Beschilderung,Straßenbild,Dächer",Stadtbild,Pflasterstein,Fußgänger,Gebäude,Baum,Tor,Treppe,Beschilderung,Straße,Dach,VII 59/267 x,VII_59_267_x.jpg,#524436,Olivgrün,25.99,Greens,#a68c6b,rosybrown,19.63,Browns,#7b674f,dimgray,Dez 16,Grays,#3e3328,darkslategray,Nov 77,Grays,#90795c,gray,11. Jan,Grays,#261f18,black,07. Jul,Blacks,#d0b898,tan,07. Feb,Browns,#dfd1bd,lightgray,Mai 36,Grays,Sehnsï¿½chtig,Reflective/Nostalgic,Townscape,Cobblestone,Pedestrians,Buildings,Trees,Gate,Staircase,Signage,Streetscape,Rooftops,Realism,Impressionism,Öl auf Leinwand,"Alt-Berlin, Waisenstraße","Baluschek, Hans",,,Straßen/Plätze,,,,,1927,,,,,
VII_59_433_x,1839,1840,Parade,"Square,Parade,Building,Soldiers,Carriage,Civilians,Trees,Fashion,Dog,Children","Platz,Parade,Gebäude,Soldaten,Kutsche,Zivilisten,Bäume,Mode,Hund,Kinder",Platz,Parade,Gebäude,Soldat,Kutsche,Zivilbevölkerung,Baum,Mode,Hund,Kind,VII 59/433 x,VII_59_433_x.jpg,#dfbca6,Hellbraun,35.32,Browns,#855637,sienna,22.93,Browns,#6c472c,saddlebrown,Nov 45,Browns,#c3b2a8,darkgray,Aug 46,Grays,#4c3421,darkolivegreen,Jul 19,Greens,#b27a54,peru,Jun 62,Browns,#281b11,black,Apr 17,Blacks,#d6925f,darksalmon,Mrz 85,Reds,Sehnsï¿½chtig,Reflective/Nostalgic,Square,Parade,Building,Soldiers,Carriage,Civilians,Trees,Fashion,Dog,Children,Romanticism,Realism,Öl auf Leinwand,Parade vor dem Königlichen Palais,"Brücke, Johann Wilhelm",,,Parade,,,,,1839,,,,,
VII_59_483_x,1770,1770,"Ausflugsziel,Tiergarten,Zelten","Landscape,Figures,Trees,Sky,Clouds,Village,Riding,Gathering,Recreation,Leisure","Landschaft,Figuren,Bäume,Himmel,Wolken,Dorf,Reiten,Versammlung,Erholung,Freizeit",Landschaft,Chladni-Figuren,Baum,Himmel,Wolke,Dorf,Reiten,Versammlung,Erholung,Freizeit,VII 59/483 x,VII_59_483_x.jpg,#a1957c,Braun,26.23,Browns,#565144,darkolivegreen,19.21,Greens,#37260e,black,15.77,Blacks,#736a5a,dimgray,Dez 78,Grays,#897e69,gray,Nov 22,Grays,#d2b58d,tan,Jul 97,Browns,#80592a,saddlebrown,Jun 82,Browns,,,,,Sehnsï¿½chtig,Reflective/Nostalgic,Landscape,Figures,Trees,Sky,Clouds,Village,Riding,Gathering,Recreation,Leisure,Romanticism,Realism,Öl auf Leinwand,Die Zelten,"Chodowiecki, Daniel",,,Ausflugsziel,,,,,,,,,,
VII_59_747_x,1835,1840,,"Bridge,Sculpture,Trees,River,Pedestrians,Carriage,Balustrade,Spire,Clouds,Streetscape","Brücke,Skulptur,Bäume,Fluss,Fußgänger,Kutsche,Balustrade,Turm,Wolken,Straßenbild",Brücke,Plastik,Baum,Fluss,Fußgänger,Kutsche,Balustrade,Turm,Wolke,Straße,VII 59/747 x,VII_59_747_x.jpg,#3a2812,Schwarz,35.57,Blacks,#533d1f,darkolivegreen,22. Aug,Greens,#dbd6c3,lightgray,Okt 94,Grays,#a2917d,rosybrown,Aug 71,Browns,#847767,gray,08. Jan,Grays,#c9b294,tan,Mai 97,Browns,#ab814c,peru,05. Jan,Browns,#9abec7,lightsteelblue,Feb 99,Cyans,Sehnsï¿½chtig,Reflective/Nostalgic,Bridge,Sculpture,Trees,River,Pedestrians,Carriage,Balustrade,Spire,Clouds,Streetscape,Romanticism,Realism,Öl auf Leinwand,Die Königsbrücke mit den Königskolonnaden,"Gärtner, Eduard",,,,,,,,1835,,,,,
VII_59_749_x,1858,1860,,"Abbey,Ruins,Trees,Figures,Path,Arch,Foliage,Sunlight,Nature,Peaceful","Abtei,Ruinen,Bäume,Figuren,Weg,Bogen,Laub,Sonnenlicht,Natur,Friedlich",Kloster,Ruine,Baum,Chladni-Figuren,Weg,Bogen <Architektur>,Laubblatt,Sonnenstrahlung,Natur,Frieden,VII 59/749 x,VII_59_749_x.jpg,#815116,Braun,26.15,Browns,#f6e3c2,bisque,14.79,Browns,#4d3b14,darkolivegreen,13.34,Greens,#333213,darkslategray,Dez 24,Grays,#985f1f,sienna,Nov 26,Browns,#af7429,darkgoldenrod,08. Jul,Browns,#e5ceaa,wheat,06. Jun,Browns,#c48d44,peru,Apr 72,Browns,Sehnsï¿½chtig,Reflective/Nostalgic,Abbey,Ruins,Trees,Figures,Path,Arch,Foliage,Sunlight,Nature,Peaceful,Romanticism,Realism,Öl auf Leinwand,Die Klosterruine Lehnin,"Gärtner, Eduard",,,,#dcaf6e,burlywood,Feb 83,Browns,1858,,,,,
VII_59_758_x,1868,1870,Rathaus,"Cityscape,Street,Buildings,People,Cobblestone,Barrels,Carriage,Clouds,Windows,Pedestrians","Stadtbild,Straße,Gebäude,Menschen,Kopfsteinpflaster,Fässer,Kutsche,Wolken,Fenster,Fußgänger",Stadtbild,Straße,Gebäude,Mensch,Pflaster,Fass,Kutsche,Wolke,Fenster,Fußgänger,VII 59/758 x,VII_59_758_x.jpg,#2f1c0e,Schwarz,28. Feb,Blacks,#563a23,darkolivegreen,18.33,Greens,#402917,darkslategray,17.62,Grays,#7c5733,sienna,11. Aug,Browns,#95846c,gray,Okt 61,Grays,#7c6a56,dimgray,Jun 94,Grays,#ba9a72,darkkhaki,Jun 67,Yellows,,,,,Sehnsï¿½chtig,Reflective/Nostalgic,Cityscape,Street,Buildings,People,Cobblestone,Barrels,Carriage,Clouds,Windows,Pedestrians,Realism,Romanticism,Öl auf Leinwand,Das alte Berliner Rathaus mit der Gerichtslaube,"Graeb, Carl Georg Anton",,,Rathaus,,,,,1868,,,,,
VII_59_761_x,1867,1870,"Mittelalter,Rathaus,Spandauer Straße,Stadtbild","Street,Architecture,Buildings,People,Clouds,Cobblestone,Signage,Shadows,Carriage,Windows","Straße,Architektur,Gebäude,Menschen,Wolken,Kopfsteinpflaster,Beschilderung,Schatten,Kutsche,Fenster",Straße,Architektur,Gebäude,Mensch,Wolke,Pflasterstein,Beschilderung,Schatten,Kutsche,Fenster,VII 59/761 x,VII_59_761_x.jpg,#bfa88b,Hellbraun,19.26,Browns,#504236,darkolivegreen,17.98,Greens,#3d332a,darkslategray,Dez 85,Grays,#7a6b5a,dimgray,11. Apr,Grays,#e4d8c2,wheat,Nov 14,Browns,#947d65,gray,Sep 69,Grays,#ad9273,rosybrown,09. Dez,Browns,#29221c,black,Aug 56,Blacks,Sehnsï¿½chtig,Reflective/Nostalgic,Street,Architecture,Buildings,People,Clouds,Cobblestone,Signage,Shadows,Carriage,Windows,Realism,Romanticism,Öl auf Leinwand,Das alte Berliner Rathaus,"Graeb, Carl Georg Anton",,,Mittelalter,,,,,,,,,,
VII_59_775_x,1825,1830,"Dom,Kutsche,Reiter,Schloss,Unter den Linden","Architecture,Cathedral,Plaza,Carriage,Crowd,Trees,Domed,Facade,Pedestrians,Equestrian","Architektur,Kathedrale,Platz,Kutsche,Menschenmenge,Bäume,Kuppel,Fassade,Fußgänger,Reiter",Architektur,Dom,Platz,Kutsche,Menschenmenge,Baum,Kuppel,Fassade,Fußgänger,Reiter,VII 59/775 x,VII_59_775_x.jpg,#3f3c1b,Olivgrün,33.54,Greens,#d9c8ba,silver,18.74,Grays,#c5b3a3,tan,13. Sep,Browns,#edddc8,bisque,Okt 83,Browns,#1d2416,black,Sep 75,Blacks,#9c7a35,sienna,06. Feb,Browns,#9b8d7c,gray,Apr 61,Grays,#cea44e,peru,Feb 61,Browns,Sehnsï¿½chtig,Reflective/Nostalgic,Architecture,Cathedral,Plaza,Carriage,Crowd,Trees,Domed,Facade,Pedestrians,Equestrian,Realism,Romanticism,Öl auf Leinwand,Die Domkirche in Berlin,"Hasenpflug, Carl",,,Dom,,,,,,,,,,
VII_59_806_x,1827,1830,Kirche,"Church,Steeple,Clouds,Carriage,Market,Townfolk,Cobblestone,Horse,Buildings,Wagon","Kirche,Kirchturm,Wolken,Kutsche,Markt,Stadtvolk,Kopfsteinpflaster,Pferd,Gebäude,Wagen",Kirche,Kirchturm,Wolke,Kutsche,Markt,Stadtbevölkerung,Pflasterstein,Pferd,Gebäude,Wagen,VII 59/806 x,VII_59_806_x.jpg,#baaa91,Hellbraun,31.21,Browns,#4a3625,darkolivegreen,16.89,Greens,#bdbea6,silver,13.77,Grays,#dacbad,wheat,Nov 47,Browns,#ab987e,rosybrown,Aug 35,Browns,#9e8161,gray,Jun 92,Grays,#886645,sienna,06. Apr,Browns,#2c1d13,black,Mai 37,Blacks,Sehnsï¿½chtig,Reflective/Nostalgic,Church,Steeple,Clouds,Carriage,Market,Townfolk,Cobblestone,Horse,Buildings,Wagon,Realism,Romanticism,Öl auf Leinwand,Die Nikolaikirche in Berlin,"Hintze, Johann Heinrich",,,Kirche,,,,,1827,,,,,
VII_59_849_x,1875,1880,"Eisengießerei,Gebäude","Building,Trees,Chimneys,Windows,Stairs,Lampost,Dog,Fence,Clouds,Smoke","Gebäude,Bäume,Schornsteine,Fenster,Treppe,Laternenpfahl,Hund,Zaun,Wolken,Rauch",Gebäude,Baum,Schornstein,Fenster,Treppe,Laterne,Hund,Zaun,Wolke,Rauch,VII 59/849 x,VII_59_849_x.jpg,#513e0b,Olivgrün,34.45,Greens,#bfa382,rosybrown,19.27,Browns,#7f6136,sienna,18.31,Browns,#3a2c0d,black,15.67,Blacks,#6e4d18,saddlebrown,Aug 14,Browns,#d7b892,tan,Apr 15,Browns,,,,,,,,,Sehnsï¿½chtig,Reflective/Nostalgic,Building,Trees,Chimneys,Windows,Stairs,Lampost,Dog,Fence,Clouds,Smoke,Realism,Naturalism,Öl auf Leinwand,Beamtenhaus der Kgl. Eisengießerei,unbekannter Künstler,,,Eisengießerei,,,,,,,,,,
VII_59_869_x,1847,1850,"Kreuzberg,Landschaft","Landscape,House,Trees,Hillside,Fields,Cart,Path,Fence,Rural,River","Landschaft,Haus,Bäume,Hang,Felder,Wagen,Weg,Zaun,Ländlich,Fluss",Landschaft,Haus,Baum,Hang,Feld,Wagen,Weg,Zaun,Land,Fluss,VII 59/869 x,VII_59_869_x.jpg,#1a1006,Schwarz,38.76,Blacks,#523b16,darkolivegreen,21.57,Greens,#3d2b10,darkslategray,15.39,Grays,#e3c6a6,wheat,Jun 25,Browns,#826133,sienna,Mai 95,Browns,#d0b391,tan,Mai 66,Browns,#9e7b4c,peru,Mrz 66,Browns,#ba996f,darkkhaki,Feb 76,Yellows,Sehnsï¿½chtig,Reflective/Nostalgic,Landscape,House,Trees,Hillside,Fields,Cart,Path,Fence,Rural,River,Realism,Impressionism,Öl auf Leinwand,Am Kreuzberg bei Berlin,"Menzel, Adolph von",,,Kreuzberg,,,,,,,,,,
VII_60_111_x,1842,1840,,"River,Sculpture,Tower,Bridge,Reflection,Building,Waterfront,Clouds,Tree,Fence","Fluss,Skulptur,Turm,Brücke,Spiegelung,Gebäude,Wasserfront,Wolken,Baum,Zaun",Fluss,Plastik,Turm,Brücke,Spiegelung,Gebäude,Küste,Wolke,Baum,Zaun,VII 60/111 x,VII_60_111_x.jpg,#423731,Schiefergrau,36.71,Grays,#949083,gray,15.87,Grays,#5a4a3e,darkolivegreen,13.86,Greens,#919fa6,darkgray,Okt 93,Grays,#b0a390,rosybrown,Sep 28,Browns,#78614d,dimgray,Jul 69,Grays,#7b929e,lightslategray,Mai 65,Grays,,,,,Sehnsï¿½chtig,Reflective/Nostalgic,River,Sculpture,Tower,Bridge,Reflection,Building,Waterfront,Clouds,Tree,Fence,Realism,Romanticism,Öl auf Holz,Das Wusterhausener Wehr,"Zielke, Leopold",,,,,,,,1842,,,,,
VII_60_203_x,1929,1930,,"Train,Tracks,Tram,Buildings,Trees,Billboards,Streets,Smoke,Locomotive,Urban","Zug,Gleise,Straßenbahn,Gebäude,Bäume,Werbetafeln,Straßen,Rauch,Lokomotive,Stadt",Eisenbahn,Gleis,Straßenbahn,Gebäude,Baum,Werbung,Straße,Rauch,Lokomotive,Stadt,VII 60/203 x,VII_60_203_x.jpg,#afa37f,Braun,20.79,Browns,#c7ae7e,tan,13.13,Browns,#796b4b,dimgray,11. Apr,Grays,#5f533d,darkolivegreen,Okt 86,Greens,#b6965e,darkkhaki,Aug 51,Yellows,#997b49,sienna,Aug 44,Browns,#463d2c,darkslategray,08. Jan,Grays,#928b6b,gray,07. Aug,Grays,Sehnsï¿½chtig,Reflective/Nostalgic,Train,Tracks,Tram,Buildings,Trees,Billboards,Streets,Smoke,Locomotive,Urban,Realism,Impressionism,Öl auf Leinwand,Am Ringbahnhof Wilmersdorf-Friedenau,"Schäkel, Theodor Wilhelm",,,,#dfc89e,burlywood,Jun 57,Browns,1929,,#262118,black,05. Feb,Blacks
VII_60_286_x,1849,1850,,"Architecture,House,Countryside,Gathering,Fence,Trees,Clouds,Chimneys,Staircase,Laundry","Architektur,Haus,Landschaft,Versammlung,Zaun,Bäume,Wolken,Schornsteine,Treppe,Wäscherei",Architektur,Haus,Landschaft,Versammlung,Zaun,Baum,Wolke,Schornstein,Treppe,Wäscherei,VII 60/286 x,VII_60_286_x.jpg,#514025,Olivgrün,34.42,Greens,#8c7857,dimgray,21.62,Grays,#352f1f,darkslategray,13. Mrz,Grays,#251f11,black,Dez 31,Blacks,#653916,saddlebrown,Okt 43,Browns,#b08e5b,peru,Apr 47,Browns,#92683b,sienna,Mrz 46,Browns,,,,,Sehnsï¿½chtig,Reflective/Nostalgic,Architecture,House,Countryside,Gathering,Fence,Trees,Clouds,Chimneys,Staircase,Laundry,Realism,Romanticism,Öl auf Pappe,"Haus Lützowerwegstraße, Ecke Potsdamer Straße","OÂ´Brien, Franz",,,,,,,,1849,,,,,
VII_61_454_x,1905,1910,"Architektur,Böhmen,Kirche,Stadtbild,Weihnachten,Winter","Snow,Dome,Building,Evening,Carriage,Pedestrians,Lantern,Winter,Windows,Street","Schnee,Kuppel,Gebäude,Abend,Kutsche,Fußgänger,Laterne,Winter,Fenster,Straße",Schnee,Kuppel,Gebäude,Abend,Kutsche,Fußgänger,Laterne,Winter,Fenster,Straße,VII 61/454 x,VII_61_454_x.jpg,#74585b,Dunkelgrau,39.6,Grays,#c7adab,silver,23. Apr,Grays,#93787d,gray,10. Jul,Grays,#9e8690,rosybrown,10. Mrz,Browns,#4e3e4a,darkslategray,Sep 35,Grays,#b097a4,darkgray,Mai 96,Grays,#b69364,darkkhaki,0.95,Yellows,,,,,Sehnsï¿½chtig,Reflective/Nostalgic,Snow,Dome,Building,Evening,Carriage,Pedestrians,Lantern,Winter,Windows,Street,Impressionism,Realism,Öl auf Leinwand,Böhmische Kirche am Heiligen Abend,"Skarbina, Franz",1900,1910,Architektur,,,,,,,,,,
VII_62_195_x,1870,1870,"Fluss,Gebirge,Landschaft,Südeuropa","Village,River,Mountains,Buildings,Landscape,Trees,Sky,Rocks,People,Water","Dorf,Fluss,Berge,Gebäude,Landschaft,Bäume,Himmel,Felsen,Menschen,Wasser",Dorf,Fluss,Berg,Gebäude,Landschaft,Baum,Himmel,Fels,Mensch,Wasser,VII 62/195 x,VII_62_195_x.jpg,#5c522d,Olivgrün,35.08,Greens,#9aa399,darkgray,Dez 72,Grays,#dcdfc4,lightgray,Nov 29,Grays,#bfc6ba,silver,11. Mrz,Grays,#8c7a47,dimgray,10. Mai,Grays,#88856f,gray,08. Apr,Grays,#a9955b,darkkhaki,Jun 43,Yellows,#d1bd76,burlywood,04. Sep,Browns,Sehnsï¿½chtig,Reflective/Nostalgic,Village,River,Mountains,Buildings,Landscape,Trees,Sky,Rocks,People,Water,Realism,Romanticism,Öl auf Leinwand,Südliche Landschaft,"Munsch, Leopold",1860,1880,Fluss,,,,,,,,,,
VII_65_1443_x,1906,1910,Gebäude,"Buildings,Street,People,Cobbled,Facades,Windows,Shop,Dog,Roof,Walkway","Gebäude,Straße,Menschen,Kopfsteinpflaster,Fassaden,Fenster,Geschäft,Hund,Dach,Gehweg",Gebäude,Straße,Mensch,Pflaster,Fassade,Fenster,Handel,Hund,Dach,Gehweg,VII 65/1443 x,VII_65_1443_x.jpg,#615041,Olivgrün,28.31,Greens,#876e57,dimgray,27.43,Grays,#997d63,gray,Nov 65,Grays,#3f3329,darkslategray,Nov 18,Grays,#ab9077,rosybrown,06. Jul,Browns,#2c221b,black,Jun 68,Blacks,#e2d0c0,lightgray,Apr 71,Grays,#c3a890,tan,Mrz 34,Browns,Sehnsï¿½chtig,Reflective/Nostalgic,Buildings,Street,People,Cobbled,Facades,Windows,Shop,Dog,Roof,Walkway,Realism,Impressionism,Öl auf Leinwand,Parochialstraße 27-31,"Skarbina, Franz",,,Gebäude,,,,,1906,,,,,
VII_75_130_x,1926,1930,Brücke,"Bridge,Canal,Snow,Winter,People,Lampost,Child,Buildings,Traffic,Pedestrians","Brücke,Kanal,Schnee,Winter,Menschen,Laternenpfahl,Kind,Gebäude,Verkehr,Fußgänger",Brücke,Kanal,Schnee,Winter,Mensch,Laterne,Kind,Gebäude,Verkehr,Fußgänger,VII 75/130 x,VII_75_130_x.jpg,#454e55,Schiefergrau,31.34,Grays,#918f8d,gray,20. Nov,Grays,#b9c3d3,lightsteelblue,Dez 74,Cyans,#b0b6bd,silver,12. Jan,Grays,#5c6266,dimgray,Okt 41,Grays,#9da2a7,darkgray,Aug 77,Grays,#d2d3d2,lightgray,Apr 62,Grays,,,,,Sehnsï¿½chtig,Reflective/Nostalgic,Bridge,Canal,Snow,Winter,People,Lampost,Child,Buildings,Traffic,Pedestrians,Impressionism,Realism,Öl auf Leinwand,"Alt-Berlin, Jungfernbrücke","Baluschek, Hans",1926,1927,Brücke,,,,,,,,,,
GEM_86_15,1832,1830,Museum,"Painting,Carriages,Fountain,Square,Pedestrians,Horses,Building,Trees,Statues,Clouds","Gemälde,Kutschen,Springbrunnen,Platz,Fußgänger,Pferde,Gebäude,Bäume,Statuen,Wolken",Gemälde,Kutsche,Springbrunnen,Platz,Fußgänger,Pferde <Familie>,Gebäude,Baum,Statue,Wolke,GEM 86/15,GEM_86_15.jpg,#a0c2e2,Stahlblau,32.71,Cyans,#e4d8cd,gainsboro,Dez 38,Grays,#836045,sienna,Nov 57,Browns,#d2c0b2,silver,Sep 22,Grays,#67472f,darkolivegreen,Sep 13,Greens,#b1a6a1,darkgray,Jul 57,Grays,#d0a174,darksalmon,06. Mrz,Reds,#a07b5c,gray,Mai 92,Grays,Friedlich,Calm/Peaceful,Painting,Carriages,Fountain,Square,Pedestrians,Horses,Building,Trees,Statues,Clouds,Realism,Romanticism,Öl auf Leinwand,"Das königliche Museum in Berlin, von der Schloßfreiheit aus gesehen","Hintze, Johann Heinrich",,,Museum,#362216,black,05. Feb,Blacks,1832,,,,,
GEM_89_11,1853,1850,"Berlin,Berlin-Wilmersdorf,Landschaft","Landscape,Sky,Clouds,Trees,Grassland,Field,Fence,Village,Path,River","Landschaft,Himmel,Wolken,Bäume,Wiese,Feld,Zaun,Dorf,Weg,Fluss",Landschaft,Himmel,Wolke,Baum,Wiese,Feld,Zaun,Dorf,Weg,Fluss,GEM 89/11,GEM_89_11.jpg,#ddb581,Hellbraun,17.27,Browns,#f2cf98,khaki,15.53,Yellows,#ca9c68,darkkhaki,13.64,Yellows,#442e0a,darkolivegreen,Dez 73,Greens,#251705,black,Okt 68,Blacks,#b3844e,peru,Sep 66,Browns,#634516,saddlebrown,Jun 69,Browns,#aea58a,rosybrown,Jun 47,Browns,Friedlich,Calm/Peaceful,Landscape,Sky,Clouds,Trees,Grassland,Field,Fence,Village,Path,River,Romanticism,Realism,Öl auf Leinwand,Wilmersdorf bei Berlin,"Menzel, Adolph von",,,Berlin,,,,,,,,,,
GS_2000_28_GM,1847,1850,"Architektur,Bellevue,Park,Schloss,Schloss Bellevue","Architecture,Garden,Building,Landscape,Trees,Flowers,Grass,Pathway,Sky,Bench","Architektur,Garten,Gebäude,Landschaft,Bäume,Blumen,Gras,Weg,Himmel,Bank",Architektur,Garten,Gebäude,Landschaft,Baum,Blume,Gras,Weg,Himmel,Bank,GS 2000/28 GM,GS_2000_28_GM.jpg,#120e0b,Schwarz,38.02,Blacks,#52351b,darkolivegreen,17.96,Greens,#756862,dimgray,15. Feb,Grays,#816217,saddlebrown,Okt 37,Browns,#e9dcb3,wheat,Mai 72,Browns,#936644,sienna,05. Jul,Browns,#ceba8f,tan,Apr 78,Browns,#af9165,darkkhaki,03. Jun,Yellows,Friedlich,Calm/Peaceful,Architecture,Garden,Building,Landscape,Trees,Flowers,Grass,Pathway,Sky,Bench,Realism,Romanticism,Öl auf Leinwand,Schloß Bellevue in Berlin von der Gartenseite,"Gärtner, Eduard",,,Architektur,,,,,,,,,,
GEM_80_7,1827,1830,"Architektur,Biedermeier,Garnisonkirche,Kirche,Potsdam,Stadtbild","Church,Clocktower,Sculpture,Plaza,Pedestrians,Trees,Cobblestone,Stroll,Balustrade,Carriage","Kirche,Uhrturm,Skulptur,Platz,Fußgänger,Bäume,Kopfsteinpflaster,Spaziergang,Balustrade,Kutsche",Kirche,Uhrturm,Plastik,Platz,Fußgänger,Baum,Pflasterstein,Spaziergang,Balustrade,Kutsche,GEM 80/7,GEM_80_7.jpg,#e8d9ca,Hellgrau,28. Sep,Grays,#bfd8ee,powderblue,19.22,Cyans,#48311a,darkolivegreen,17.96,Greens,#291c0b,black,11. Jun,Blacks,#a5d0f3,lightblue,Nov 21,Cyans,#845e3c,sienna,06. Jun,Browns,#aa7e50,peru,Mrz 33,Browns,#d2aa78,tan,Jan 72,Browns,Gelassen,Calm/Peaceful,Church,Clocktower,Sculpture,Plaza,Pedestrians,Trees,Cobblestone,Stroll,Balustrade,Carriage,Realism,Romanticism,Öl auf Kupferblech,Ansicht der Garnisonkirche in Potsdam,"Hasenpflug, Carl",,,Architektur,,,,,,,,,,
GEM_84_1,1838,1840,"Atelier,Biedermeier,Gartenhaus,Schadow","Garden,Statue,Tree,House,Staircase,Greenhouse,Terrace,Foliage,Flowers,Ivy","Garten,Statue,Baum,Haus,Treppe,Gewächshaus,Terrasse,Laub,Blumen,Efeu",Garten,Statue,Baum,Haus,Treppe,Gewächshaus,Terrasse,Laubblatt,Blume,Efeu,GEM 84/1,GEM_84_1.jpg,#20170c,Schwarz,13. Jul,Blacks,#775b28,saddlebrown,Dez 58,Browns,#dddac9,lightgray,Nov 43,Grays,#5c441b,darkolivegreen,Okt 79,Greens,#3e2d12,darkslategray,Okt 61,Grays,#947335,sienna,Sep 24,Browns,#bec1c8,silver,Aug 74,Grays,#b18f49,peru,Aug 34,Browns,Gelassen,Calm/Peaceful,Garden,Statue,Tree,House,Staircase,Greenhouse,Terrace,Foliage,Flowers,Ivy,Realism,Romanticism,Öl auf Holz,Die Gartenseite des Schadowhauses,"Schirmer, Wilhelm",,,Atelier,,,,,,,,,,
VII_59_463_x,1865,1870,"Architektur,Juden,Kuppel,Oranienburger Straße,Religion,Stadtbild,Synagoge,Vedute","Synagogue,Architecture,Dome,Street,Pedestrians,Horses,Carriage,Trees,Buildings,Cobblestone","Synagoge,Architektur,Kuppel,Straße,Fußgänger,Pferde,Kutsche,Bäume,Gebäude,Kopfsteinpflaster",Synagoge,Architektur,Kuppel,Straße,Fußgänger,Pferde <Familie>,Kutsche,Baum,Gebäude,Pflasterstein,VII 59/463 x,VII_59_463_x.jpg,#beb49c,Hellbraun,22. Mrz,Browns,#5c3e2d,darkolivegreen,15.68,Greens,#432b21,darkslategray,14.71,Grays,#2c1c18,black,14. Jul,Blacks,#efdab5,wheat,Nov 93,Browns,#a1a093,darkgray,Aug 64,Grays,#997a5a,gray,Jun 42,Grays,#b89771,rosybrown,Mai 89,Browns,Gelassen,Calm/Peaceful,Synagogue,Architecture,Dome,Street,Pedestrians,Horses,Carriage,Trees,Buildings,Cobblestone,Realism,Romanticism,Öl auf Leinwand,Die Synagoge in der Oranienburger Straße,"Cauwer, Emil de",,,Architektur,,,,,,,,,,
VII_59_804_x,1827,1830,"Biedermeier,Bäume,Landschaft,Park,Schloss Bellevue,Tiergarten","Park,Carriage,People,Trees,Leisure,Manor,River,Dogs,Walking,Camera","Park,Kutsche,Menschen,Bäume,Freizeit,Herrenhaus,Fluss,Hunde,Spaziergang,Kamera",Park,Kutsche,Mensch,Baum,Freizeit,Herrenhaus,Fluss,Hund,Spaziergang,Kamera,VII 59/804 x,VII_59_804_x.jpg,#44340d,Olivgrün,37.49,Greens,#2c2209,black,23.74,Blacks,#bab68c,tan,Jun 82,Browns,#a0c2ae,darkgray,Jun 75,Grays,#8c5b1a,saddlebrown,Jun 14,Browns,#9c9b75,gray,Mai 78,Grays,#7b7446,dimgray,04. Aug,Grays,#c08231,peru,Apr 43,Browns,Gelassen,Calm/Peaceful,Park,Carriage,People,Trees,Leisure,Manor,River,Dogs,Walking,Camera,Romanticism,Realism,Öl auf Leinwand,Parklandschaft bei Schloß Bellevue,"Hintze, Johann Heinrich",1820,1835,Biedermeier,,,,,,,,,,
VII_59_809_x,1832,1830,Brücke,"River,Bridge,Church,Clouds,Boats,Buildings,Waterfront,Spire,Docks,Sky","Fluss,Brücke,Kirche,Wolken,Boote,Gebäude,Wasserfront,Turm,Docks,Himmel",Fluss,Brücke,Kirche,Wolke,Boot,Gebäude,Küste,Turm,Dock,Himmel,VII 59/809 x,VII_59_809_x.jpg,#d8d7d1,Hellgrau,18. Apr,Grays,#b3bfca,silver,17.61,Grays,#83aed6,skyblue,Dez 35,Cyans,#7b6a54,dimgray,12. Feb,Grays,#a08767,gray,Okt 36,Grays,#56493a,darkolivegreen,Sep 26,Greens,#2a231c,black,Jun 36,Blacks,#cdb38a,tan,Apr 92,Browns,Gelassen,Calm/Peaceful,River,Bridge,Church,Clouds,Boats,Buildings,Waterfront,Spire,Docks,Sky,Realism,Romanticism,Öl auf Holz,Blick auf die Kurfürstenbrücke vom Mühlendamm aus,"Hintze, Johann Heinrich",,,Brücke,#999ba0,darkgray,04. Jul,Grays,1832,,#5391c7,steelblue,04. Feb,Cyans
VII_60_411_x,1784,1780,"Berlin-Mitte,Deutscher Dom,Gendarmenmarkt","Cathedral,Dome,Columns,Statues,Pedestrians,Carriages,Square,Facade,Pillars,Clouds","Kathedrale,Kuppel,Säulen,Statuen,Fußgänger,Kutschen,Platz,Fassade,Säulen,Wolken",Dom,Kuppel,Säule,Statue,Fußgänger,Kutsche,Platz,Fassade,Säule,Wolke,VII 60/411 x,VII_60_411_x.jpg,#b2b6ae,Dunkelgrau,21.59,Grays,#799fa5,lightslategray,17.52,Grays,#71573d,darkolivegreen,17.44,Greens,#af8d6c,rosybrown,13.13,Browns,#5c8d99,cadetblue,Sep 42,Cyans,#c8ab85,tan,Aug 98,Browns,#937454,dimgray,Aug 36,Grays,#78807b,gray,Mrz 55,Grays,Gelassen,Calm/Peaceful,Cathedral,Dome,Columns,Statues,Pedestrians,Carriages,Square,Facade,Pillars,Clouds,Neoclassicism,Realism,Öl auf Leinwand,Die Neue (Deutsche) Kirche auf dem Gendarmenmarkt mit Nachbarschaft,unbekannter Künstler,1778,1790,Berlin-Mitte,,,,,,,,,,
GEM_70_3,1906,1910,,"Procession,Columns,Sculpture,Ceremonial,Uniforms,Banners,Crowds,Architecture,Portico,Statues","Prozession,Säulen,Skulptur,Zeremoniell,Uniformen,Banner,Menschenmengen,Architektur,Säulengang,Statuen",Prozession,Säule,Plastik,Zeremoniell,Uniform,Banner,Menschenmenge,Architektur,Säulengang,Statue,GEM 70/3,GEM_70_3.jpg,#887560,Dunkelgrau,25.71,Grays,#24201c,black,14.96,Blacks,#3e352d,darkslategray,14.68,Grays,#564a3d,darkolivegreen,13.71,Greens,#a68b6f,rosybrown,Aug 31,Browns,#c2a789,tan,Aug 21,Browns,#a2b2b9,darkgray,Mai 53,Grays,#d9cab6,silver,Mai 29,Grays,Ernst,Sad/Melancholic,Procession,Columns,Sculpture,Ceremonial,Uniforms,Banners,Crowds,Architecture,Portico,Statues,Realism,Historical Painting,Öl auf Leinwand,Staatsbegräbnis für Adolph von Menzel,"Brendel, Carl Alexander",1905,1907,,#8e928e,gray,Mrz 59,Grays,,,,,,
GEM_91_11,1910,1910,U-Bahn,"Night,Train,Workers,Construction,Streetlights,Carriage,Tracks,Crowd,Urban,Evening","Nacht,Zug,Arbeiter,Bau,Straßenlaternen,Kutsche,Gleise,Menschenmenge,Stadt,Abend",Nacht,Eisenbahn,Arbeiter,Bau,Laterne,Kutsche,Gleis,Menschenmenge,Stadt,Abend,GEM 91/11,GEM_91_11.jpg,#2b2d34,Schiefergrau,36.65,Grays,#1d1f26,black,34.16,Blacks,#5f524c,dimgray,17.32,Grays,#977f6a,gray,Mai 93,Grays,#b29c80,rosybrown,04. Nov,Browns,#d5bf9f,tan,Jan 83,Browns,,,,,,,,,Ernst,Sad/Melancholic,Night,Train,Workers,Construction,Streetlights,Carriage,Tracks,Crowd,Urban,Evening,Impressionism,Realism,Öl auf Leinwand,U-Bahnbau bei Nacht,"Sandrock, Leonhard",1905,1915,U-Bahn,,,,,,,,,,
VII_59_777_x,1848,1850,"Aufstand,Märzrevolution,Straßenkampf","Barricade,Moonlight,Soldiers,Night,Buildings,Streetlamp,Fire,Conflict,Debris,Cobblestone","Barrikade,Mondlicht,Soldaten,Nacht,Gebäude,Straßenlaterne,Feuer,Konflikt,Trümmer,Kopfsteinpflaster",Barrikade,Mond,Soldat,Nacht,Gebäude,Laterne,Feuer,Konflikt,Schaden,Pflasterstein,VII 59/777 x,VII_59_777_x.jpg,#464644,Schiefergrau,41.69,Grays,#26221d,black,34.83,Blacks,#4a3a26,darkolivegreen,14.85,Greens,#685d4b,dimgray,Aug 49,Grays,#e8d5b6,wheat,0.15,Browns,,,,,,,,,,,,,Ernst,Sad/Melancholic,Barricade,Moonlight,Soldiers,Night,Buildings,Streetlamp,Fire,Conflict,Debris,Cobblestone,Romanticism,Realism,Öl auf Pappe,Die Barrikade Jäger- Ecke Kurstraße in der Nacht vom 18. zum 19. März 1848,"Heil, Gustav",,,Aufstand,,,,,,,,,,
VII_60_165_x,1907,1910,Schloss,"Evening,Crowd,Building,Statue,Illumination,Horse,Gathering,Window,Night,Celebration","Abend,Menschenmenge,Gebäude,Statue,Beleuchtung,Pferd,Versammlung,Fenster,Nacht,Cele",Abend,Menschenmenge,Gebäude,Statue,Beleuchtung,Pferd,Versammlung,Fenster,Nacht,Feier,VII 60/165 x,VII_60_165_x.jpg,#2c2825,Schiefergrau,59,Grays,#24211f,black,33.36,Blacks,#5e4e45,darkolivegreen,Mrz 15,Greens,#b07747,peru,Feb 83,Browns,#856044,sienna,Jan 66,Browns,,,,,,,,,,,,,Angespannt,Energetic/Tense,Evening,Crowd,Building,Statue,Illumination,Horse,Gathering,Window,Night,Celebration,Impressionism,Realism,Öl auf Leinwand,Kundgebung vor dem Berliner Schloss in der Nacht des 6. Februar 1907,"Skarbina, Franz",,,Schloss,,,,,1907,,,,,
VII_60_230_x,1755,1760,"Brand,Brücke,Mühlendamm,Stadtbild","Fire,Night,Bridge,River,Boats,Flames,Buildings,People,Smoke,Rescue","Feuer,Nacht,Brücke,Fluss,Boote,Flammen,Gebäude,Menschen,Rauch,Rettung",Feuer,Nacht,Brücke,Fluss,Boot,Flammen-Atomemissionspektrometrie,Gebäude,Mensch,Rauch,Rettung,VII 60/230 x,VII_60_230_x.jpg,#301c13,Schwarz,56.04,Blacks,#512d1c,saddlebrown,28.94,Browns,#452619,darkslategray,13.57,Grays,#975e2f,sienna,Jan 45,Browns,,,,,,,,,,,,,,,,,Angespannt,Energetic/Tense,Fire,Night,Bridge,River,Boats,Flames,Buildings,People,Smoke,Rescue,Romanticism,Realism,Öl auf Holz,Der Brand auf dem Mühlendamm,unbekannter Künstler,1745,1765,Brand,,,,,,,,,,
GEM_89_3,1912,1910,,"Streetscape,Expressionism,Lamppost,Night,Buildings,Pedestrians,Trees,Sidewalk,Windows,Shadows","Straßenbild,Expressionismus,Laternenpfahl,Nacht,Gebäude,Fußgänger,Bäume,Bürgersteig,Fenster,Schatten",Straße,Expressionismus,Laterne,Nacht,Gebäude,Fußgänger,Baum,Gehweg,Fenster,Schatten,GEM 89/3,GEM_89_3.jpg,#273633,Schiefergrau,30.24,Grays,#f1b62c,goldenrod,16.96,Browns,#0f1c1b,black,16.79,Blacks,#b5a342,peru,Aug 43,Browns,#6b7b5e,dimgray,Jul 95,Grays,#e9bc5a,sandybrown,Jul 25,Browns,#9e9f85,darkseagreen,Apr 47,Greens,#e6cea5,wheat,Mrz 99,Browns,Lebendig,Joyful/Uplifting,Streetscape,Expressionism,Lamppost,Night,Buildings,Pedestrians,Trees,Sidewalk,Windows,Shadows,Expressionism,Fauvism,Öl auf Karton,,,,,,,,,,,,,,,
